,cri,gfz,jpl,mas,csr,grace_mean,grace_median,gldas_sm,tc_sm,gldas_swe,fldas_swe,tc_swe,dmet_swe,Sres,grace_med_interp,grace
1997-01-31,,,,,,,,,,,,,,39.755107272240004,,
1997-02-28,,,,,,,,,,,,,,36.827765664,,
1997-03-31,,,,,,,,,,,,,,37.41390549216,,
1997-04-30,,,,,,,,,,,,,,38.5515416292,,
1997-05-31,,,,,,,,,,,,,,38.9786340792,,
1997-06-30,,,,,,,,,,,,,,36.63788745324,,
1997-07-31,,,,,,,,,,,,,,32.26449530268,,
1997-08-31,,,,,,,,,,,,,,28.69822338924,,
1997-09-30,,,,,,,,,,,,,,27.41521916724,,
1997-10-31,,,,,,,,,,,,,,26.7053723964,,
1997-11-30,,,,,,,,,,,,,,27.55312839864,,
1997-12-31,,,,,,,,,,,,,,29.27941202868,,
1998-01-31,,,,,,,,,,,,,,33.8063995758,,
1998-02-28,,,,,,,,,,,,,,36.31798934916,,
1998-03-31,,,,,,,,,,,,,,37.49544592104,,
1998-04-30,,,,,,,,,,,,,,38.92703391036,,
1998-05-31,,,,,,,,,,,,,,41.40489170616,,
1998-06-30,,,,,,,,,,,,,,44.99304185436,,
1998-07-31,,,,,,,,,,,,,,43.85954650968,,
1998-08-31,,,,,,,,,,,,,,39.57893919168,,
1998-09-30,,,,,,,,,,,,,,36.90626679816,,
1998-10-31,,,,,,,,,,,,,,35.80782325464,,
1998-11-30,,,,,,,,,,,,,,35.85445619952,,
1998-12-31,,,,,,,,,,,,,,34.80580454316,,
1999-01-31,,,,,,,,,,,,,,35.8198953234,,
1999-02-28,,,,,,,,,,,,,,36.93883190364,,
1999-03-31,,,,,,,,,,,,,,37.79819618616,,
1999-04-30,,,,,,,,,,,,,,39.47379858996,,
1999-05-31,,,,,,,,,,,,,,41.45354139084,,
1999-06-30,,,,,,,,,,,,,,40.26927847632,,
1999-07-31,,,,,,,,,,,,,,35.87292139512,,
1999-08-31,,,,,,,,,,,,,,32.622277278,,
1999-09-30,,,,,,,,,,,,,,31.18297017084,,
1999-10-31,,,,,,,,,,,,,,30.092964864,,
1999-11-30,,,,,,,,,,,,,,30.274872327,,
1999-12-31,,,,,,,,,,,,,,29.90562515508,,
2000-01-31,,,,,,,,,,,,,,32.80433152512,,
2000-02-29,,,,,,,,,,,,,,36.91545869112,,
2000-03-31,,,,,,,,,,,,,,37.8263479002,,
2000-04-30,,,,,,,,,,,,,,40.05330846312,,
2000-05-31,,,,,,,,,,,,,,41.34099127476,,
2000-06-30,,,,,,,,,,,,,,39.08168763276,,
2000-07-31,,,,,,,,,,,,,,34.47497410584,,
2000-08-31,,,,,,,,,,,,,,30.92126148576,,
2000-09-30,,,,,,,,,,,,,,29.62875823428,,
2000-10-31,,,,,,,,,,,,,,29.00678581212,,
2000-11-30,,,,,,,,,,,,,,28.8671139378,,
2000-12-31,,,,,,,,,,,,,,28.822048746,,
2001-01-31,,,,,,,,,,,,,,29.20541803044,,
2001-02-28,,,,,,,,,,,,,,31.09869635028,,
2001-03-31,,,,,,,,,,,,,,34.03724782476,,
2001-04-30,,,,,,,,,,,,,,35.35944093984,,
2001-05-31,,,,,,,,,,,,,,35.58820954152,,
2001-06-30,,,,,,,,,,,,,,31.63128464424,,
2001-07-31,,,,,,,,,,,,,,27.69646247508,,
2001-08-31,,,,,,,,,,,,,,24.885335652,,
2001-09-30,,,,,,,,,,,,,,23.44481850096,,
2001-10-31,,,,,,,,,,,,,,22.00536707664,,
2001-11-30,,,,,,,,,,,,,,22.80668872428,,
2001-12-31,,,,,,,,,,,,,,26.31533245212,,
2002-01-31,,,,,,,,,,,,,,29.71920932268,,
2002-02-28,,,,,,,,,,,,,,31.40339181336,,
2002-03-31,,,,,,,,122.57503659142581,28.855772200530325,3.512629442955013,7.942822276598693,12.43268483149101,8.070854833462837,33.4235027142,,
2002-04-30,15.231248985886708,18.28601276117139,20.794443594648623,11.887828824406762,20.66935120837941,17.37377707489858,18.28601276117139,115.86275474782434,23.771607386794667,0.19929056003577095,2.569767663491603,5.166548907076265,7.580206258827866,35.27119778064,18.28601276117139,13.942276249639177
2002-05-31,,-9.250127005868368,-0.796096622423186,,5.240577055973843,-1.60188219077257,-0.796096622423186,103.67416855790482,17.52187660645276,0.039749154262315525,0.7020472642508684,1.9955695663666198,6.865083145840304,35.2295579628,-0.796096622423186,-1.3698091700815835
2002-06-30,,,,,,,,89.4978053778548,11.106199705048247,0.0021399683160609165,0.0494446208442287,0.103748886528,4.742647008500645,32.28120402276,-9.510661406571256,-4.889277573627387
2002-07-31,-20.475901075041765,,,-17.681253325197527,,-19.078577200119646,-19.078577200119646,77.13784217224864,7.829560453248904,0.0013047393034535412,0.0,0.0,2.4089795621262735,27.95926402344,-19.078577200119646,-13.888977511126575
2002-08-31,-35.79114156957615,-39.52782239103386,-33.15247701853467,-31.422535853136388,-39.52728647827428,-35.88425266211107,-35.79114156957615,70.06665277069796,6.203684220118036,0.0016248968005558076,0.0,0.0,1.0394764298869599,25.06180593516,-35.79114156957615,-32.30728367805224
2002-09-30,-39.74004792511686,-36.790109104459816,-31.517663542189688,-34.76625264422298,-43.97980581912946,-37.35877580702377,-36.790109104459816,66.84794656742612,5.188499227329555,0.0025187572740407783,0.0001515517343883686,0.0,0.49566626555807936,23.37436335684,-36.790109104459816,-34.583147798909415
2002-10-31,-40.29041831556418,-41.68083420769178,-50.96923876435588,-35.508763353912634,-49.16318396397917,-43.52248772110073,-41.68083420769178,65.4816943153435,4.484002032209919,0.014483046296960973,0.010874052798922758,0.0,0.3422764144132938,21.85373414676,-41.68083420769178,-39.797984216905434
2002-11-30,-16.68334733780142,-38.99434435641759,-49.399453149578974,-14.851849294416297,-44.42594680402163,-32.870988188447186,-38.99434435641759,74.50813284476135,14.308858021186866,0.18398526630478051,1.4978899843436693,0.8312754852924236,0.6245290048641524,22.20187400892,-38.99434435641759,-49.79186921241868
2002-12-31,4.091596465054195,-22.542966141264735,-16.41662268201117,2.557135879821166,-31.089059063900557,-12.67998310846022,-16.41662268201117,95.90301556028601,31.791826341471577,2.9623258829472894,4.798346076767795,8.016299864337066,2.6592589370342727,26.36832768684,-16.41662268201117,-40.725303617250155
2003-01-31,20.974964469995616,44.738072956077424,2.862573502240316,17.40079708266607,3.6240266144329025,17.920086925082465,17.40079708266607,121.23639528772661,31.41412362226628,3.5509857724738856,7.529371955162093,5.133283837088627,3.8384313265589034,29.7737155704,17.40079708266607,10.534680591752462
2003-02-28,5.263076460916533,29.32239506696346,16.67542401530346,4.041851453620448,23.966048996602005,15.85375919868118,16.67542401530346,123.23474695839226,32.273739445150426,1.4806419239872597,5.106672079715074,8.539902595678369,3.3383879605453255,30.98917812804,16.67542401530346,11.26195767423399
2003-03-31,8.170356194361556,18.02358886519689,12.84268341162942,6.7179092286325695,14.507859391456321,12.052479418255352,12.84268341162942,123.28131968646676,30.108576459945468,0.9388846462552491,4.552263990224383,7.263044228834888,4.410788074094441,33.9125775342,12.84268341162942,7.673658916579939
2003-04-30,8.584773186466576,9.334481010007254,14.47295563561589,6.818880236801625,19.442988096073325,11.730815632992934,9.334481010007254,126.04609169310301,29.706332265690843,0.81154486235332,3.8841253979602337,9.53968818897619,6.257119139324538,36.51020253756,9.334481010007254,0.8819810615773394
2003-05-31,,13.140678296816773,2.8063024004328616,,14.245609684054859,10.064196793768165,13.140678296816773,119.43889099751902,21.79396482152971,0.25408727745632664,2.552293382690287,2.320932322235733,6.813234312986453,38.77532203776,13.140678296816773,11.974691927791454
2003-06-30,-6.96350491826792,,,-5.826967298148026,,-6.395236108207973,-6.395236108207973,97.44515910844092,13.13268170085476,0.0005108794009936364,0.20228545132702422,0.094734384128,4.39248376304309,37.91952867984,-6.395236108207973,-1.2706433926561154
2003-07-31,-19.927174311705087,-22.778530062359053,-14.902450075690469,-17.168351568689484,-23.154091593366687,-19.586119522362157,-19.927174311705087,81.82175018365965,8.875623567665192,6.219346713089582e-05,0.006509908134546203,0.0,2.3605132160133353,33.1923485622,-19.927174311705087,-13.303449276888859
2003-08-31,-33.141243681376935,-33.37475138735077,-29.879127632364987,-28.813616470491105,-21.36858667427244,-29.31546516917125,-29.879127632364987,74.74715731104392,6.893464745965127,3.735780334751081e-05,0.0,0.0,1.0360056763231975,29.8535402286,-29.879127632364987,-25.594166153388116
2003-09-30,-27.57239673442974,-24.729441135828186,-35.715572533171844,-24.254191216987024,-33.22732341121714,-29.09978500632679,-27.57239673442974,70.61117815288654,5.676001176942229,0.0004325143499930061,6.355452094135881e-06,0.0,0.49103876758604836,28.2047475126,-27.57239673442974,-25.197179216992893
2003-10-31,-33.29966752260926,-36.72518713739421,-45.73381520593684,-29.027885370509022,-44.293102252121635,-37.81593149771419,-36.72518713739421,68.17720379674222,4.855404154845464,0.0035971271275616486,0.0007688254937836756,0.0,0.2553359484162366,26.73040217256,-36.72518713739421,-34.68558072367369
2003-11-30,-11.34723599264885,-62.63879663992278,-41.01744033042576,-10.011487383988591,-38.24419636284607,-32.65183134196641,-38.24419636284607,70.42539098346889,11.372237228525124,0.22343258198288002,1.1402642585327352,1.512669823168753,0.9490732435978624,26.44126952664,-38.24419636284607,-45.42097003420359
2003-12-31,12.326582442816362,14.735153730169266,-18.980094059128813,10.566918236898362,-19.861478825831153,-0.2425836950151954,10.566918236898362,92.28085284776304,28.246542263875465,1.4827067679354065,3.6371999677658615,7.4739357665199675,2.5252695317673877,28.48498553424,10.566918236898362,-10.876372337819365
2004-01-31,,,,,,,,113.40914053364284,29.155492534370786,5.092468590942216,9.17299906706042,10.684457849843952,5.550751832026176,30.33096112956,17.935176426268647,9.629498728427151
2004-02-29,49.060149426112666,8.60667774550894,7.571390935555779,41.5474382552242,10.590677106312656,23.47526669374285,10.590677106312656,122.33900391193905,32.125715974953565,5.490000494245782,8.99176368444619,17.437546457373113,7.153973608503172,33.27335242728,10.590677106312656,-2.475911240493298
2004-03-31,20.588280898858148,20.28377495482536,19.892527905015992,17.400197890558207,19.86765961851983,19.606488253555504,19.892527905015992,125.60040398422015,27.937025090115068,2.7022342244262605,6.832833593837224,5.732373069542901,8.430580422096273,35.49355105284,19.892527905015992,13.430439742198221
2004-04-30,11.775781118519962,14.149047598726977,5.067378395492852,9.73278729649477,11.337775377251523,10.412553957297217,11.337775377251523,112.44713315091408,20.983852520291382,0.09502285503378936,1.5318109134697715,3.5647085134707455,7.0493101107094285,35.99992913028,11.337775377251523,10.735259758925778
2004-05-31,-7.418709950808862,-1.0806430369235684,-5.581604366015669,-6.614294357192958,-5.1288867569839285,-5.164827693584996,-5.581604366015669,98.22999958528264,14.889641610295817,0.011055969130154664,0.1856631487837471,1.1715916730327842,5.626379806758662,35.0117253948,-5.581604366015669,-4.125569527298766
2004-06-30,-20.233882248528968,-24.342578407593106,-25.12803922300555,-17.778413445519657,-20.54273990718556,-21.605130646366568,-20.54273990718556,86.32445107035204,9.974767424504371,0.002700641005062417,0.010449389728763655,0.08479306956799999,3.971985822365844,31.39423322436,-20.54273990718556,-15.982359373319955
2004-07-31,-32.861559293096526,-39.75659887812558,-41.493216225217786,-28.912022548170167,-41.03035748765983,-36.81075088645398,-39.75659887812558,75.73843012709438,7.373248256917584,0.0026497380387227893,0.0,0.0,2.200775089923284,27.0825274086,-39.75659887812558,-35.044148984702076
2004-08-31,-31.552715893265617,-40.76187216630947,-55.72756798473969,-27.943952550893144,-35.306431027419336,-38.258507924525446,-35.306431027419336,69.40244369281866,5.9661471037042455,0.003430835245379151,0.0,0.0,0.9546681915561465,24.19396641156,-35.306431027419336,-31.965437068722142
2004-09-30,-36.210856475800334,-25.498594367395167,-50.74024690426077,-31.408533919141117,-50.71169570627496,-38.91398547457447,-36.210856475800334,66.67452651468764,5.0405946622522215,0.0063527618793633766,0.0029769490169476564,0.0,0.4604836014480895,22.83534369816,-36.210856475800334,-34.387164922396394
2004-10-31,-23.479884409785594,-41.94466438729531,-41.677050094719554,-20.570482997637843,-50.1491673700737,-35.5642498519024,-41.677050094719554,70.91225665008157,11.544384260059054,0.3546297333782481,0.7989428877467039,0.01988262912,0.8625040594333898,22.40272155732,-41.677050094719554,-48.610721611119786
2004-11-30,-15.5588091219567,-29.582859698974506,-26.18285534332155,-13.589607970012667,-35.414693386895685,-24.06576510423222,-26.18285534332155,87.95612630322984,15.803876278618151,0.9769465998419203,2.3962862496175528,1.8597545241057882,2.186385199281844,22.84173805848,-26.18285534332155,-33.06774906232249
2004-12-31,18.86120094106552,-14.141951316236614,-10.976104352493271,15.867607095596743,-16.797356738227403,-1.4373208740590055,-10.976104352493271,99.60756401361802,30.18400613780661,1.6240277886112977,3.610450660255466,10.87842406085572,2.972427471923403,24.74504703768,-10.976104352493271,-30.231970662805132
2005-01-31,31.382433331580717,16.13082707708907,23.557355086675354,26.68327050027022,20.045648140178397,23.55990682715875,23.557355086675354,126.76756759231841,34.47082089988216,8.924747982125803,11.50826294402486,20.260397133952505,6.630833756296448,29.29470718068,23.557355086675354,8.090046425303353
2005-02-28,45.5587592282159,55.41734519449761,39.630393511910576,38.79816641527019,42.053929273765704,44.291718724732,42.053929273765704,134.40828978325845,35.094772901229824,7.38268743361382,10.727673698997519,20.492790105654212,7.795717763475721,31.45819656324,42.053929273765704,31.47077012638232
2005-03-31,46.375494998327504,42.66436030954383,43.62693443907825,39.65715824795902,49.79217895655829,44.423225390293375,43.62693443907825,137.76017078565698,33.83881709112379,4.366899329466822,9.496709726584797,14.877434626288945,8.911469154490227,35.0226663624,43.62693443907825,32.40695129553405
2005-04-30,45.302814250192675,55.15259301988952,51.57687305924017,38.636453019476306,49.062588537731855,47.9462643773061,49.062588537731855,136.28411440174978,29.073087007022387,2.625486456687088,8.05783552709262,11.733479216228389,10.952004706616691,36.784934304480004,49.062588537731855,41.11404597313657
2005-05-31,24.79645823179112,48.50107849668036,47.75456187664532,21.145220259145468,50.81914938488132,38.603293649828714,47.75456187664532,131.90047480485015,23.71350982370324,0.9506324824854552,4.754518543927432,2.7334301875099607,10.185424340967144,41.4718733706,47.75456187664532,38.24177565287732
2005-06-30,9.913368440055153,48.28606271604837,30.284695320695498,8.193839217887165,38.502677159868746,27.036128570910982,30.284695320695498,115.33978071976992,16.002909407753236,0.00945819293887319,1.0876454589047286,0.2983102165192784,8.288174618734677,41.9181649368,30.284695320695498,29.260829551710827
2005-07-31,-2.5429310391175823,18.806595013599235,8.97328215862983,-2.1487464852708364,20.376553838158824,8.692950697199894,8.97328215862983,96.54140352024538,10.13898658945466,0.00021306784774173076,0.07208745969065891,0.0,5.960772376431783,38.81423463132,8.97328215862983,11.98036290597662
2005-08-31,-9.110987744051652,9.113952079404028,12.145078948929996,-7.754336073560464,8.432654107715928,2.565272263687567,8.432654107715928,82.79376987149203,7.597946171063516,0.00015298095697349179,0.0,0.0,3.918249413473006,34.9840954428,8.432654107715928,10.885584301154067
2005-09-30,-8.919096631192062,3.0662914907409933,-12.642347327027379,-7.966533752187313,-17.251015333845427,-8.742540310702237,-8.919096631192062,76.28925383028661,6.163633273526313,0.002101934553482397,0.00018055738501691093,0.0,2.8802414111631913,33.02913818904,-8.919096631192062,-8.41006789105805
2005-10-31,-14.90318330859402,3.8420793934279094,-15.395740152472632,-13.341342389400486,-14.839851960046024,-10.927607683417051,-14.839851960046024,75.37447237712493,5.354927543877471,0.00977881433732332,0.009096560013784883,0.0,2.4095050207482034,31.74192533328,-14.839851960046024,-15.15343839538539
2005-11-30,2.8029676811308284,-4.7466665579467255,-16.71749740145943,1.9439148646272315,-12.353756661403711,-5.814207615010361,-4.7466665579467255,81.62364235079241,10.899560098970202,0.2041303287452479,0.46566735133467024,0.332710169061898,2.195828662470322,31.45963480092,-4.7466665579467255,-12.204837243149779
2005-12-31,43.10443215278675,12.382070570752447,9.207351611303936,36.57874344719158,1.8314908693003353,20.620817730267014,12.382070570752447,99.41086100822662,29.424141520460296,1.2265813448780791,3.5441156560115075,9.463870621828516,3.6159438335699217,36.74190065424,12.382070570752447,-15.040720537627568
2006-01-31,42.420992593196864,38.99068094334852,34.716833388688755,35.97830382886688,39.30602507056233,38.28256716493267,38.99068094334852,135.21654725356223,32.19380511217785,3.5949896966494723,9.995090623770228,14.848412390440158,4.960791883235125,36.42007215396,38.99068094334852,31.582053968675844
2006-02-28,53.627223097931775,36.451121508178254,36.318163959432916,46.05754216606423,34.21006825792257,41.33282379790595,36.451121508178254,131.14424318951285,31.52560372479358,2.4002399710430433,8.80418751145126,16.977434343608717,5.708705840451856,37.64003197968,36.451121508178254,30.19065722939066
2006-03-31,70.78417808150304,38.2148903041051,48.71600162513286,60.87310891936497,54.48475883276016,54.61458755257322,54.48475883276016,140.10104544008465,32.41439798944989,4.1545055161677436,12.571955833676249,22.661040144697225,10.98692515314951,39.05315600688,54.48475883276016,41.19591538775434
2006-04-30,43.01968405830366,58.02173819449646,62.07521628496152,36.747488056658334,64.89119001154738,52.95106332119347,58.02173819449646,147.42892090588123,32.57585103850958,2.2804534330215382,13.193825145132433,11.370418672599842,13.877377468630787,41.36846950872,58.02173819449646,41.667594174965984
2006-05-31,30.92889919913584,40.18920874977543,40.813681308135585,26.248344703932425,50.52412128443739,37.74085104908333,40.18920874977543,125.82846963971835,22.02954392182343,0.07277356075563314,4.014287527284621,1.6498050959520625,11.571936193865913,44.10414312672,40.18920874977543,36.42790605459567
2006-06-30,22.798234674328498,33.590879590250346,27.006977758319575,19.614050060599574,34.28421364428682,27.458871145556962,27.006977758319575,106.92403626474162,13.424668388703775,0.001506534896546532,0.42043574651876364,0.084124675072,8.65361768875089,43.63820469108,27.006977758319575,27.42417403832834
2006-07-31,8.194839638431784,20.428175418596908,23.478271305586325,6.990633145019264,17.72638347909667,15.363660597346188,17.72638347909667,89.53432291538087,9.0941627068412,5.780224131669844e-06,0.013549201489689331,0.0,5.606773185670893,40.14663602688,17.72638347909667,19.941684639488347
2006-08-31,-2.5964132784757505,6.984688702326453,8.114980905769684,-2.6122291728173113,8.398234470297737,3.657852325420163,6.984688702326453,78.47099336786493,7.023752581436033,0.00018117153424878954,0.0,0.0,3.5719642748057208,36.19867359528,6.984688702326453,9.431096984525903
2006-09-30,-11.86181614418383,-9.702475227018546,-2.0686113078560076,-10.566163473995692,-1.777367838162384,-7.195286798243292,-9.702475227018546,73.0167066120515,5.7735931530244,0.0012901642344302843,0.00018224867210032074,0.0,2.576552677663877,33.91114423044,-9.702475227018546,-8.741339111430793
2006-10-31,-7.111595200450761,-16.101709969279778,-6.817004952823908,-6.789288021999279,-1.4819828496801093,-7.6603161988467665,-6.817004952823908,71.84725844318038,4.947626245743235,0.010686346602503458,0.0034713984994334977,0.0,2.2307317158902586,32.68733964756,-6.817004952823908,-6.9979651785530015
2006-11-30,9.789681705503003,2.9085185219651706,-3.6988678260063272,7.952487051886945,-7.141404753608847,1.9620829399479889,2.9085185219651706,79.32092295976122,9.87668385209083,0.5502610095438506,0.5016961299003942,0.27653972480803135,2.147214807251559,32.49790178916,2.9085185219651706,-3.9783160332339778
2006-12-31,7.5446750264219995,12.415877654376297,-0.19158838331568828,6.088212664457907,5.090723292107744,6.189580050809651,6.088212664457907,91.55500899576424,17.904324642167463,1.3285246317063752,1.5062231249817537,5.524941855386603,2.9475336611956866,33.45469989036,6.088212664457907,-5.8437598880144135
2007-01-31,15.563740185032104,3.9690791749775114,9.567407812318281,13.285230637846169,6.0618369352352754,9.68945894908187,9.567407812318281,101.41011530448402,17.401450911692997,1.5503929697416106,2.155353418517566,7.367863636771139,3.060012613829903,33.35522712924,9.567407812318281,7.109741690082842
2007-02-28,29.115829075539487,13.154965989622537,17.800479303161364,24.982912320782926,14.241133252107876,19.859063988242838,17.800479303161364,111.92836457522836,23.607241188607,0.9292662459312456,2.510832829822966,10.424001018084892,3.192533549909135,35.16762863244,17.800479303161364,6.589753973138227
2007-03-31,12.648115842181564,20.45456757782103,22.358019518199633,10.522081152957693,19.716919963884223,17.139940811008827,19.716919963884223,113.25340952045306,21.048879005075577,0.4188585822572305,2.7403867573714016,4.439818091271029,5.486946636832993,36.4512273918,19.716919963884223,15.504736751222648
2007-04-30,1.8553426396513022,15.740065132438332,10.708246426529321,1.9230516613019204,15.75120697829173,9.195582567642521,10.708246426529321,105.51762938972885,18.63520837526347,0.09571368699402434,0.6354215128095804,2.9019133358682354,4.266350826297875,36.57576076608,10.708246426529321,8.731032855763555
2007-05-31,-7.137407520691384,12.55127047396959,7.0040840952802155,-6.270329011331411,9.037761525113833,3.0370759124681688,7.0040840952802155,95.14117541846048,13.182387673775887,0.028200351835237385,0.11314354647616386,0.6762279578603921,3.1438176877563846,34.8873721086,7.0040840952802155,11.001475766491417
2007-06-30,-19.935563580590177,-12.302379723577806,-0.5355189657051577,-17.11880586087195,-1.5185918943529921,-10.282172005019618,-12.302379723577806,82.19452870221895,8.882076864804745,0.0005349554657827188,0.0018829315150013725,0.074851755008,1.4229519392726477,30.92106412896,-12.302379723577806,-5.458712874239315
2007-07-31,-26.543024212778278,-23.913831960260477,-23.169907336557937,-22.692279339005857,-15.532492612476387,-22.37030709221579,-23.169907336557937,72.82320860394191,6.671639526059068,0.00032906070244748326,0.0,0.0,0.34586112522885565,26.92266716712,-23.169907336557937,-17.306934161201113
2007-08-31,-36.588328278109785,-23.048897527243362,-23.40847269542381,-31.309162044251746,-21.48974046471778,-27.168920201949295,-23.40847269542381,67.55611534532719,5.41570096830223,0.0007954566787567885,0.0,0.0,0.08373446488046432,24.10857752508,-23.40847269542381,-19.422178960507438
2007-09-30,-32.461496790628104,-33.42926836774032,-29.01726816445033,-28.107590062266475,-29.639841408646276,-30.531092958746303,-29.639841408646276,65.58925173635812,4.607239192924562,0.0052683156179993244,0.00617135760737551,0.0,0.02738441207793946,22.694582661,-29.639841408646276,-27.444769181266548
2007-10-31,-26.33883746995964,-38.42335112918057,-40.22692589151068,-22.662121274280643,-39.68270144472196,-33.46678744193069,-38.42335112918057,69.99839715130203,5.482226127350361,0.030280455015281968,0.016679601116322662,0.0,0.03984508908248633,22.07317640616,-38.42335112918057,-38.71677689784885
2007-11-30,-16.486824050973112,-40.606852351597986,-27.242845984357913,-14.032940764277695,-36.103011713689924,-26.894494972979327,-27.242845984357913,72.82470358971835,5.607133160833506,0.10792334115845409,0.09109747585677953,0.12338707047203137,0.04404947269375948,21.7552814736,-27.242845984357913,-27.093907557974816
2007-12-31,1.13198278868285,-17.90951679486509,-14.408398659471219,1.1768139664698203,-17.388120077009958,-9.47944775523872,-14.408398659471219,79.45501644746915,14.286758861830828,1.6929107213044936,2.3249035523208965,6.8277302861944476,1.2913826752018565,22.2325950618,-14.408398659471219,-24.856720623870398
2008-01-31,13.94189666306668,3.491189378351096,8.966052089283446,12.16631382613708,0.9222603144340353,7.897542454254467,8.966052089283446,104.07715106936871,28.069727748925633,6.837612613800397,9.733947637406711,18.10466925606952,10.628910738261379,24.91528948032,8.966052089283446,-18.128521954592735
2008-02-29,26.211056005162096,20.58759720797722,28.05296369394568,23.38895029049903,20.783965297114477,23.8049064989397,23.38895029049903,116.64592730717943,29.624016794393906,7.648239847469186,13.650230648469206,19.045226515596546,17.37729362454241,27.36962234556,23.38895029049903,2.0030347552483434
2008-03-31,15.60304336479492,30.874315609552323,33.676612509303055,13.798110255309501,35.299340894650506,25.85028452672206,30.874315609552323,120.3099964546783,25.656874765095555,2.0111657073994835,8.48957683478569,14.493126087451106,17.72758798693239,28.57700930964,30.874315609552323,15.906482687838277
2008-04-30,-1.670690007009981,21.68546130715305,21.8321234908116,-1.328980025398559,23.70764039377622,12.845111031866466,21.68546130715305,110.5973064783999,20.48575955900095,0.18264914579577599,3.746469673757648,7.7847786509051,15.865386306545497,29.03751549936,21.68546130715305,10.530684016982159
2008-05-31,-8.07902689180439,4.0920025921407825,3.8636284384633925,-6.910970556966218,3.3170711549057135,-0.7434590526521436,3.3170711549057135,97.16814300726529,15.418623259662855,0.03431015067284658,0.9526890557592982,1.861863241475012,12.408174585968315,29.65925849424,3.3170711549057135,-4.645710126604504
2008-06-30,-18.59241676027015,-3.8154658776417536,-2.1911439279833274,-15.931749708711306,-3.6193009947638717,-8.830015453874081,-3.8154658776417536,85.73626854936006,10.13335637836218,0.002618682440823311,0.0881959619545535,0.094475966464,8.52580482152994,26.95878839544,-3.8154658776417536,-4.355533719071018
2008-07-31,-24.01144747784402,-17.51894814456779,-15.588142769303772,-20.82919697107433,-14.208261299856847,-18.431199332529353,-17.51894814456779,74.55412495954867,7.420650600821057,0.0006632791553402398,0.0,0.0,4.300272841352078,23.20179333744,-17.51894814456779,-15.349520150378748
2008-08-31,-32.17912758764216,-26.85554088619595,-19.962477342959065,-27.459926664077237,-22.446456963739802,-25.780705888922842,-26.85554088619595,68.61581936298751,5.995866302499339,0.0015742849591571192,0.0,0.0,1.6587852222326518,20.27895269772,-26.85554088619595,-24.166701170386883
2008-09-30,-35.72016172834068,-33.195548363022084,-30.903247984174154,-30.360028718695162,-31.445303755631752,-32.324858109972766,-31.445303755631752,65.86885096447043,5.06577923606046,0.004415901151535681,4.223498900396776e-05,0.0,0.6011727608650437,18.55765972776,-31.445303755631752,-29.395096480097916
2008-10-31,-32.12405386121085,-37.07573526821255,-26.94777395969122,-27.433098253958278,-37.81961928002881,-32.280056124620344,-32.12405386121085,66.34431211802797,4.472384588528941,0.005813816506145142,0.0004991490288504451,0.0,0.33423503659878134,17.4307437654,-32.12405386121085,-30.737978287918107
2008-11-30,-35.17191770298895,-32.697295306984834,-25.197405682170878,-30.09656179263291,-25.630662682015853,-29.75876863335868,-30.09656179263291,75.98893463085886,10.050953477079844,0.1319987589818882,0.4500457394380419,0.2428489161105569,0.41918594260006403,17.74137596772,-30.09656179263291,-36.40494882610388
2008-12-31,-23.094865743671424,-23.735917681284263,-24.127083631912743,-19.398936767067188,-22.848726962513314,-22.641106157289784,-23.094865743671424,82.27705031943086,15.880136892481458,1.433305199534799,1.9505520366541653,6.380999093513035,2.784903343033266,17.83252767276,-23.094865743671424,-31.800104207146305
2009-01-31,-12.18022124650751,-8.743882952034962,1.1226027765351876,-10.062098679376051,-13.516605497821864,-8.67604111984104,-10.062098679376051,94.30636390601444,17.63822474912306,2.2253737332488637,4.03850676270009,7.640643497670777,3.941429552816163,19.02381895632,-10.062098679376051,-16.952907372393817
2009-02-28,8.086705550192546,2.4547315845306903,1.4181284566406878,7.488668587266212,5.5126342232906556,4.992173680384158,5.5126342232906556,102.44689660965003,26.487910505708918,1.1207480942665495,5.210024146030351,11.401604684494806,5.721665451462389,21.96860320524,5.5126342232906556,-12.003501233677591
2009-03-31,-2.2896412787437095,9.647916008852455,21.537858131088242,-1.410552494441794,14.43376913486131,8.383869900323301,9.647916008852455,119.00858537506707,25.461219216878327,0.5925177348493935,5.275446823487139,10.46165199359197,7.458961105129941,26.71872605088,9.647916008852455,-1.5344766530868945
2009-04-30,-4.390150100253618,3.197559348304544,7.791416609973428,-3.4829116445644397,10.500503934354901,2.723283629562963,3.197559348304544,108.82464136368785,20.774223163049463,0.0866664778097999,2.39281527182421,5.219591596309083,7.0020488774602665,28.2212453076,3.197559348304544,-0.6200127320468578
2009-05-31,-13.795996272447372,2.080942042932568,2.115990232117715,-11.56633374987807,0.2910510068897162,-4.174869348077088,0.2910510068897162,100.24536851897736,16.1859272357129,0.014562867244885019,0.48254704224557055,0.49515980846983537,4.769967117433769,30.9458916144,0.2910510068897162,-2.61526649000749
2009-06-30,-27.068669153059936,0.6261286012526356,0.8738434124171743,-22.861997922097586,6.422123049656122,-8.401714402366318,0.6261286012526356,90.49656645589624,11.193592602593881,0.0053731220206870685,0.019652031686383936,0.085461464064,2.772781309039871,28.673352732,0.6261286012526356,5.118220807731782
2009-07-31,-31.10439253377623,-13.384903174965416,-9.939868290013827,-26.21884710247138,-10.887283014092107,-18.30705882306379,-13.384903174965416,77.8728348645094,7.7714179094837235,0.0002727099905554713,0.0,0.0,1.2946833115522656,25.15979605332,-13.384903174965416,-7.743855114727523
2009-08-31,-39.06944118533553,-27.457133546494756,-18.751551225697096,-32.97926257968145,-30.26677780304307,-29.70483326805038,-30.26677780304307,70.4282909305407,6.126861253634411,0.00066311505069299,0.0,0.0,0.4440426302948395,22.37957160468,-30.26677780304307,-26.28603932884859
2009-09-30,-41.409009370311026,-42.69042967040644,-31.497791387886696,-35.33405747717845,-33.48716565839525,-36.883690712835566,-35.33405747717845,67.29023440825212,5.111600497095779,0.0017460203402853965,0.0,0.0,0.15732059466131987,20.71580444148,-35.33405747717845,-32.81235015210114
2009-10-31,-44.27366130032991,-36.61363882364021,-33.03225878157353,-37.961105964454624,-31.48309111847394,-36.67275119769444,-36.61363882364021,71.8077925734224,6.206899106061452,0.05134013512078084,0.09120364207217288,0.00994131456,0.11902977495694962,20.23494706524,-36.61363882364021,-37.34710983132283
2009-11-30,-32.60165399286269,-39.124822404084696,-43.85026603758058,-27.78819156460257,-41.411911114728376,-36.955369022771784,-39.124822404084696,77.44868451224212,6.699499095250021,0.2500741143631726,0.3522079890890999,0.21037549056803137,0.2339475770850972,19.71178009152,-39.124822404084696,-39.32820299663836
2009-12-31,-18.383843636795955,-40.40248516636853,-28.092849203917112,-15.951927480165315,-24.29969323362143,-25.426159744173667,-24.29969323362143,84.68892578790818,15.513057886895487,1.1595624424132474,2.7323393066443615,7.805041998900202,2.9345641383717145,20.49498191796,-24.29969323362143,-36.83101799007861
2010-01-31,5.168937870324348,-13.789420489567567,-21.513764940962936,4.65756889082273,-10.329561393538508,-7.161248012584386,-10.329561393538508,103.40259772797934,29.53951462101434,2.512965784061104,6.335946165687113,10.67860128507382,8.842411124111264,23.96168855928,-10.329561393538508,-36.665135893088625
2010-02-28,11.051403619387777,13.008135798876461,13.133632263980346,10.245959564526663,18.864920239452246,13.2608102972447,13.008135798876461,117.89222864316889,31.02148208870942,2.3261556583053733,9.829179848120361,12.58010330888232,11.291192548283275,27.044359836960002,13.008135798876461,-2.8476954947818953
2010-03-31,13.787789276408505,15.809569407186766,27.568066328382116,12.102477358722574,26.526060515113873,19.158792577162767,15.809569407186766,125.37187569667732,28.458314512442627,1.2619483708146382,9.620410773337458,11.774403716079938,13.369277994265365,30.16692925872,15.809569407186766,1.8808895674281931
2010-04-30,3.5262137992078664,19.151711725725765,19.747374583566216,3.172687257250749,31.627336956711613,15.445064864492442,19.151711725725765,124.22609810260633,28.046681402822173,0.44672608241323686,7.137531339605346,11.25259020530949,15.404030038409918,33.243951198,19.151711725725765,1.0822928576563022
2010-05-31,2.523250486433257,18.203945702173723,5.487806719683598,2.879726382997931,30.113481343704063,11.841642126998513,5.487806719683598,116.4521096016596,21.954754355795927,0.05917419075083915,3.146176196345499,5.739005174868328,15.248612568683692,34.67519627988,5.487806719683598,-5.100123883853849
2010-06-30,-9.832499047050275,22.646886556553348,23.36466569713348,-7.6396294406706255,22.585116512047406,10.224908055602667,22.585116512047406,103.88002377766236,14.47601265074939,0.00732287735079338,0.6671689896666616,0.18035123079127843,12.824961124837431,36.76597571688,22.585116512047406,15.148117655256511
2010-07-31,-25.11721322548594,-11.684892553593448,3.071281255359453,-20.75707164115928,-2.0958685418289416,-11.316752941341631,-11.684892553593448,86.47700983415845,9.40008577647034,0.00029870807645162055,0.022410170623950516,0.0,9.36674852530002,33.33467241852,-11.684892553593448,-12.544410906254418
2010-08-31,-32.23553065391838,-13.176036332459546,-20.656939718438,-27.197691226805787,-12.132777574226589,-21.079795101169662,-20.656939718438,75.7259099137475,7.172642118797352,0.0012873059125444693,0.0,0.0,6.520452348206603,29.58285921,-20.656939718438,-21.198135200451613
2010-09-30,-34.38576163279149,-25.104061622892424,-29.76591953115073,-28.60446005685187,-29.303561113094975,-29.4327527913563,-29.303561113094975,71.600310394379,5.896658046516201,0.010929612620837739,0.0003621336718113882,0.0,4.866063564353102,27.37257282972,-29.303561113094975,-30.683354224886926
2010-10-31,-23.01761089085262,-25.629486562150145,-28.663383429353296,-19.02967667403487,-30.777648611271058,-25.4235612335324,-25.629486562150145,74.10832840380583,7.844879784311869,0.03559549820312574,0.08059288642258633,0.0,3.866184404922369,27.05534644332,-25.629486562150145,-31.12666631846818
2010-11-30,-6.299732818301416,-12.604289238168702,-20.522764658450907,-4.5669930305209885,-14.43739847870521,-11.686235644829445,-12.604289238168702,86.37693437238539,14.624373289408954,1.181090190840785,2.2760497791375927,1.0296030263014901,4.674375688630076,27.66772855848,-12.604289238168702,-24.67054054705586
2010-12-31,,5.562007515084094,-5.141798829374952,,-0.7913580175539159,-0.12371644394825809,-0.7913580175539159,107.5259321720249,31.36861211847901,3.0447917238189413,8.452157131016044,7.1758745686176635,7.188325333585317,31.69851917208,-0.7913580175539159,-28.75471279380929
2011-01-31,,,,,,,,129.45221101208793,31.39619422099496,4.392767926984832,15.36071375467437,9.733814501540643,1.119197111405889,32.97749608188,8.902509023513378,6.476752899791542
2011-02-28,51.69270166167694,19.02427342101041,18.67381539124452,45.73021171937912,22.46477217419248,31.517154873500697,22.46477217419248,130.1322547331712,32.326782150582105,3.0141829242191474,13.767301962511475,15.87312618824483,2.848576200899759,34.59601056432,22.46477217419248,17.067093561265576
2011-03-31,44.11410765355738,45.397051863460426,48.41438607663384,38.339651514384556,50.918798881278626,45.43679919786297,45.397051863460426,141.04639360316833,33.648325707971175,3.640683960206183,18.223874082783837,16.759206946583088,7.8649116448748115,37.4397012594,45.397051863460426,33.36690596611654
2011-04-30,37.52009021050566,63.29664294202848,55.13805539621955,32.74887755019558,53.251230453139854,48.39097931041782,53.251230453139854,137.3062327386205,26.829060586402438,1.0239678913634156,14.905053887438187,11.291934101616437,9.375584098509675,38.90816783376,53.251230453139854,49.22644490183892
2011-05-31,,43.89381996296462,45.25013049859503,,38.38993257266247,42.51129434474071,43.89381996296462,121.96893780074613,21.024090261506814,0.09146965946326488,6.999710659962625,6.245971587529788,8.079096961602058,40.34414454492,43.89381996296462,40.18371661509819
2011-06-30,,,,,,,,111.17170138365236,15.090974196500284,0.014412431008829482,2.8171481601879913,0.37305893646255683,6.617114257294285,43.31576808516,35.73004586829655,32.074424135768794
2011-07-31,17.140723766598292,24.225060082827518,30.449556696176675,16.336123852083688,29.92617923650003,23.61552872683724,24.225060082827518,93.21122552148839,9.739539512631216,0.0006234473092500824,0.24980400653645485,0.009272920064,3.961623426305094,41.96984651532,24.225060082827518,26.96079291023149
2011-08-31,-11.4576462806571,4.994254264460922,15.956047679931267,-9.602614635701311,15.893536910446725,3.156715587696101,4.994254264460922,80.64221772491052,7.355630171823887,0.0004920604865745728,0.03393242863794434,0.0,2.100274325163218,38.2019363928,4.994254264460922,9.045799402625034
2011-09-30,-11.895370902798733,-3.7907671540084036,-5.587510117025205,-9.483970560924902,-1.0559030839389252,-6.362704363739234,-5.587510117025205,74.43984549414323,5.986312437722252,0.002572506001217985,0.0,0.0,1.116100005588449,35.44523934168,-5.587510117025205,-2.577595337392019
2011-10-31,-16.50934148192797,-16.137295988150857,-1.5461627141914698,-13.53731764072298,-8.551810623950672,-11.25638568978879,-13.53731764072298,76.58745006175073,5.853791298285327,0.05253046522865726,0.09791016929248833,0.0,0.9608713973131131,34.22110295268,-13.53731764072298,-13.141531509599167
2011-11-30,,,,,,,,79.81262148138691,8.961166963052223,0.41060256350104307,0.8369521614137226,0.9349353437545411,1.14377360308434,33.38501443776,-20.072819082572096,-23.487879835503332
2011-12-31,-42.79259283248903,-20.709323602082616,-9.537716109802542,-35.47679943909281,-8.378485134117714,-23.37898342351694,-20.709323602082616,83.04955646092048,8.783260401154813,0.19040322258958203,0.8313656113683482,1.6404336942863054,0.92698725862661,32.85660517404,-20.709323602082616,-20.929995035091814
2012-01-31,-14.592734895410983,-11.288182606298776,-7.525218710820273,-12.009751919264854,-5.42639020115107,-10.168455666589193,-11.288182606298776,88.97348532312381,17.049334049364333,0.7417555251213493,1.8481223703233636,6.336052872938916,3.9908312201793663,33.06790153152,-11.288182606298776,-23.756383832167664
2012-02-29,-4.422342949759639,16.123595392427784,3.6821242914137637,-3.0766426280493664,1.522359785477029,2.7658187783019144,1.522359785477029,98.65278251426653,17.896868832223472,0.5260389993107849,3.0503198198411483,7.627645578537161,5.3781256563769535,32.54075411784,1.522359785477029,-4.176153240079065
2012-03-31,13.671149513708029,91.1732833553414,25.7999845023961,12.881441540278674,26.188560529235637,33.942883888191965,25.7999845023961,104.08825828162966,22.341432521834818,0.5336687527967746,3.004653154268801,8.896081662506164,6.776086676528845,35.76445903176,25.7999845023961,11.355629222335914
2012-04-30,,,,,,,,109.07843713147065,22.190747499132094,0.17307397266539873,2.4694041576496035,4.228835975497286,7.413970311668083,39.502258674000004,11.766973907910897,0.7658889767055319
2012-05-31,-6.317029540718793,,,-4.340070785927886,,-5.32855016332334,-5.32855016332334,98.92648929619023,15.092298431367126,0.019966784177309155,0.2711391431658589,1.057765331698949,5.393619831604507,39.001342446,-5.32855016332334,-3.122804699162878
2012-06-30,-21.8881338512816,12.439454590082054,13.501822539433025,-17.670845488885174,9.068861475228472,-0.9097681470846449,9.068861475228472,85.7421777794464,10.080539171407912,0.004906714825803782,0.01981024582976592,0.11261182975999999,3.24842141565772,35.28623513532,9.068861475228472,14.54730663020997
2012-07-31,-23.405532976900844,14.303451863264138,-6.761645705585587,-19.128306652757267,-8.391744859417082,-8.676755666279329,-8.391744859417082,75.34743111663809,7.280228519267791,0.0032139369530060427,0.0,0.009272920064,1.4027756503020652,30.83670026436,-8.391744859417082,-2.5446749866190292
2012-08-31,-24.700482946459573,-10.511201249116331,-13.268634834211284,-20.16772058718895,-16.299884830792635,-16.989584889553754,-16.299884830792635,69.13493940034652,5.783374519977462,0.002688007214341475,0.0,0.0,0.4889311526801691,27.38951961144,-16.299884830792635,-11.844781331262476
2012-09-30,,-15.737752585366954,-11.039210535252405,,-20.683213343082002,-15.820058821233786,-15.737752585366954,66.14428819664619,4.845434741354416,0.006178462137596303,0.0,0.0,0.2545563010270431,25.5450069234,-15.737752585366954,-13.209856419730949
2012-10-31,,,,,,,,65.91455491293581,4.488862345774182,0.06793142968366306,0.1407463928894787,0.0,0.2423687924114673,24.2384864052,-30.663185503426643,-29.24246138205788
2012-11-30,-38.639734126301256,-30.611984000945355,-14.687847077251222,-31.78469714856327,-23.983819611780376,-27.941616392968296,-30.611984000945355,71.21011915920877,17.31922962611421,0.20331563177587336,0.2291489646188207,0.4547683199578353,0.42772952658179214,24.95911132428,-30.611984000945355,-44.59070572694717
2012-12-31,4.319453003369444,5.297167798523561,4.787104956038226,4.0181383835747715,9.371500510080613,5.558672930317323,4.787104956038226,99.08366638333183,29.89285459400222,2.4655426194880725,5.138049374942163,10.5251033181445,1.6913280349817732,29.80093724052,4.787104956038226,-14.319673963071557
2013-01-31,5.583527298491693,7.878971469345648,15.072407696263305,5.704903002175098,8.327942495373733,8.513550392329895,7.878971469345648,107.87613292791814,29.20300595925433,3.8817032590548584,9.583970001911396,12.512102886512439,1.0623314958223908,30.64931615016,7.878971469345648,6.6581096986311445
2013-02-28,,-4.420714588793564,10.857087755725756,,15.523719072721118,7.320030746551104,10.857087755725756,110.27679420171597,27.60908208698629,0.7954288144884387,6.208887607831027,12.355160125347636,0.9949720110235278,31.03117688856,10.857087755725756,11.074178878570267
2013-03-31,,,,,,,,107.09399529012256,25.34927148003248,0.18370922435395218,3.6767386766606576,5.970671956337443,0.9002973796998349,32.2677011172,0.47225277121673337,0.5952417698307112
2013-04-30,-25.65175448924199,-7.703571083750682,-0.7176879708520675,-19.797501180900735,7.8216844031524095,-9.209766064318613,-7.703571083750682,102.79430538558584,19.970336724008554,0.06504153189792375,1.4051261287019232,2.5995419384169414,0.49046872691947513,32.88558331968,-7.703571083750682,-3.4329872571262343
2013-05-31,-27.709760555201306,-1.7857666207938847,-4.115832540513245,-22.54034963112475,3.063455740550911,-10.617650721416455,-4.115832540513245,89.68323969006529,14.201080555290304,0.0097546841099079,0.11757582951165176,0.774332798706949,0.14199662356201279,31.31945843328,-4.115832540513245,3.0775518910429933
2013-06-30,-34.96040134576534,-14.795935927491115,-27.85267627830311,-28.83042411448835,-9.081716860826887,-23.104230905374962,-27.85267627830311,79.01994926513717,9.635054861450943,0.002433752446802032,0.0010603320879496465,0.056305914879999995,0.01913867862551328,28.22291790648,-27.85267627830311,-20.20924873628926
2013-07-31,,-32.834301853945014,-23.885391443106354,,-18.005397732032623,-24.90836367636133,-23.885391443106354,70.895259741095,7.10603911750917,0.0010650413306615173,0.0,0.0,0.0017088191689125353,24.6895268694,-23.885391443106354,-17.824693481253494
2013-08-31,,,,,,,,65.97468583435744,5.755814423454821,0.0041847190972733985,0.0,0.0,0.0007454338170469665,22.33803539916,-34.9950616743611,-31.294090943883795
2013-09-30,-51.10583026717577,,,-42.866515730812345,,-46.98617299899406,-46.98617299899406,64.45651080538903,4.98724820007193,0.012487941605051987,0.007757833173991691,0.0,0.0036966634727381184,20.81355403104,-46.98617299899406,-44.696822070963904
2013-10-31,-63.18386553756984,-42.59678428343157,-34.53859244195043,-53.42522816693269,-30.64691102035062,-44.878276290047026,-42.59678428343157,65.6441108107989,4.345962158220148,0.02958112909282902,0.034190309993171436,0.0,0.04712521437745257,19.36757996448,-42.59678428343157,-40.55664938939724
2013-11-30,-44.66094035628637,-40.08542513051472,-50.82502963253969,-37.603954653943916,-43.027862659445,-43.240642486545944,-43.027862659445,67.47931603778042,5.3959371825063664,0.14760247994763992,0.18436586329671487,0.3465767482789646,0.10206456253809633,18.9010087536,-43.027862659445,-43.71333103538931
2013-12-31,-48.20369008491448,-43.96350843095932,-39.61853607569516,-40.328732179441054,-33.65753981038482,-41.154401316278964,-40.328732179441054,70.43976592697817,5.54874588355042,0.2913228487804051,0.5098674783095644,2.072631958656502,1.1519340115143637,18.616697781,-40.328732179441054,-41.349163919399466
2014-01-31,,-33.60467195112458,-39.754463566494856,,-38.36292193685968,-37.240685818159704,-38.36292193685968,72.60675450575894,6.215609705242304,0.2731732610978672,0.3073037621412853,1.8891912969918745,0.4873774989281358,18.30142769388,-38.36292193685968,-39.201893170359696
2014-02-28,,,,,,,,83.52009380879338,18.11260363383025,0.40874207270155566,1.6306620429130323,4.34139862926356,0.9343290082172786,19.58816689332,-24.78155863105739,-38.899620767302615
2014-03-31,-66.47010499254836,-7.637321034365674,-6.673147250295992,-54.18657594884867,-11.001688194254246,-29.19376748406259,-11.001688194254246,95.88692596350563,18.326604051509012,0.23683687241651538,1.447087479556856,3.122621358429364,1.508447903152889,22.18677621372,-11.001688194254246,-15.322745835485899
2014-04-30,-40.28231140952226,-13.387850332537763,-16.622776022477886,-33.44111312703233,-5.508369665249569,-21.848484111363963,-16.622776022477886,94.7162008796025,15.59242072871595,0.15634567024181217,0.8486850167877813,1.883293317160157,1.9335509934765072,23.800274133,-16.622776022477886,-17.43564161244133
2014-05-31,-40.32388124902861,-29.300538405337928,-21.698772063690896,-33.45142783910738,-20.46183668616831,-29.047291248666625,-29.300538405337928,84.55321530796347,10.972764059600614,0.01446746200190068,0.046575118361837566,0.4645405719331138,1.446577094173788,23.30128090032,-29.300538405337928,-25.628465597716378
2014-06-30,,-32.608399738042806,-17.735004750613047,,-23.312983793595333,-24.55212942741706,-23.312983793595333,73.89344130427597,7.661141170782369,0.003487410120556699,0.00011991827027139428,0.047032994816,0.7189599863684745,20.91633745248,-23.312983793595333,-18.335377443305564
2014-07-31,-59.41414520951934,,,-49.754898434656035,,-54.58452182208769,-54.58452182208769,67.08711357859538,5.903088385235626,0.0021678608950857947,0.0,0.0,0.21469659776760683,18.02877310728,-54.58452182208769,-50.15360128910854
2014-08-31,-68.0413562229271,-41.28082770700327,-51.756410361870074,-57.1947386286939,-41.40339433322724,-51.93534545074432,-51.756410361870074,63.93282264755228,4.890514065879441,0.002331494878827262,0.0,0.0,0.06547303068164301,15.9898047642,-51.756410361870074,-48.770340730115535
2014-09-30,-75.94060063872112,-47.244487570473446,-53.42867453408922,-64.08367334446342,-47.334102519139726,-57.60630772137739,-53.42867453408922,62.66358881660115,4.278703810184935,0.007702719117643706,4.578445223334268e-05,0.0,0.021092944349745422,14.94738218184,-53.42867453408922,-51.79553464038446
2014-10-31,-72.44276214165151,-60.2835630706998,-44.429617964706146,-61.28973319003387,-48.086692233773185,-57.3064737201729,-60.2835630706998,65.342610173026,4.464525158260655,0.01590149031680567,0.0014659326608883814,0.0,0.011700280010462,13.96478461296,-60.2835630706998,-59.49848712990598
2014-11-30,,-53.815840070467594,-52.5773739316744,,-45.87896224932906,-50.75739208382368,-52.5773739316744,72.46087010502248,7.263563949058008,0.1935267459979586,0.5075575630410378,0.13567425694218038,0.050904120826712196,13.90828382808,-52.5773739316744,-55.37081605841847
2014-12-31,,,,,,,,97.7289882777332,30.169327611127763,0.6068133154684289,1.8468328688695357,3.1987764391534443,0.5068310052853896,17.91017647224,-42.75735444158292,-70.17184175309806
2015-01-31,-65.06212530957586,-31.816392337106738,-25.65836741591997,-53.153632904456856,-15.078093995369835,-38.15372239248585,-31.816392337106738,105.85750876598831,27.89807454860991,0.41042172510245245,1.47536618968735,3.464411632648032,3.1873784352756602,19.01249560992,-31.816392337106738,-33.834836847544544
2015-02-28,-33.60424621808302,-2.2697483748034624,-19.23060680389346,-26.97757125330499,-16.863983288837172,-19.78923118778442,-19.23060680389346,111.51389048614914,28.30610891774072,0.1715020332772068,0.6149538604868232,3.8037576982728787,1.667122740171926,22.17436987188,-19.23060680389346,-24.467638175156196
2015-03-31,-47.38917904512932,-12.48038903071134,-5.990666382436844,-39.45503656402801,-8.925255709011134,-22.84810534626333,-12.48038903071134,106.403131666251,22.524476257246263,0.05911078537916785,0.20568013738284743,2.369242042773584,1.4565621283679349,22.74258230172,-12.48038903071134,-8.723530928424818
2015-04-30,-54.732242518010224,-68.79932039545812,-56.02008935326924,-45.62882760647067,-70.50337526678639,-59.13677102799893,-56.02008935326924,98.17048975223692,19.87966892893285,0.08484225669191053,0.09110436564711748,2.5043143486765174,1.1056468363508323,22.53475078956,-56.02008935326924,-54.27309734914667
2015-05-31,,,,,,,,89.51170986971587,14.732452847027298,0.0399886237149057,0.05388410300083949,1.5863673504306195,0.7997194792164151,21.36162743292,-64.95106571541731,-59.43044575608817
2015-06-30,-67.62156660778436,-42.23047957031572,-64.97407711722198,-57.2330594365853,-42.75716804268971,-54.963270154919414,-57.2330594365853,79.31984661278648,9.924015242065721,0.0014717395216514184,1.8122815102296352e-05,0.028487154687999998,0.3936894148365781,19.43090682768,-57.2330594365853,-50.88759064122031
2015-07-31,-67.11026650259869,,,-56.492805908824984,,-61.80153620571184,-61.80153620571184,71.04951601609908,7.2490322150279525,0.0005491658574290295,0.0,0.0,0.11165536823716499,16.879680408,-61.80153620571184,-56.68698212723123
2015-08-31,-80.94823380646937,-54.62650290744094,-55.59385169247434,-68.5270842451499,-51.05052434037159,-62.149239398381226,-55.59385169247434,66.09937717959454,5.835197426795218,0.001340068254471914,0.0,0.0,0.034762001406969494,15.0173846388,-55.59385169247434,-52.352483136448576
2015-09-30,,-57.45670761349783,-55.56839739303047,,-55.16378884902581,-56.06296461851804,-55.56839739303047,63.72634118185185,4.93300580190208,0.007450764772536956,0.00019100468819810703,0.0,0.009769318078660352,13.91981933304,-55.56839739303047,-53.578409780456
2015-10-31,,,,,,,,64.09313764220357,4.43174422564623,0.0191703260016796,0.002596174520400034,0.0,0.0076737259524586755,12.99276536856,-52.22905038550193,-50.80840857071854
2015-11-30,,,,,,,,71.28992805297676,13.66749091453691,0.5722161812065931,1.100883211955122,2.489884384416627,0.8032285250503727,12.79103218152,-45.188090672336756,-55.02533269923781
2015-12-31,-52.37792232898895,-42.960626015367616,-44.027707662187765,-43.64091487811942,-33.81202614955469,-43.363839406843695,-43.64091487811942,84.94992491562894,24.537546491850588,3.159308347556039,3.88922527858026,9.19688049476066,2.565739613915038,13.91628047892,-43.64091487811942,-58.20195836674813
2016-01-31,-50.60253204042033,-21.471259043378893,-48.742649498351156,-40.649600899785135,-21.64029756138357,-36.621267808663816,-40.649600899785135,109.36319554020444,31.995140442831207,8.092190744390946,8.33015520708809,16.192415838063436,4.326565335755041,18.54672492756,-40.649600899785135,-57.06420463516079
2016-02-29,-2.8992378902289024,,,-0.7657192170511089,,-1.8324785536400057,-1.8324785536400057,121.0475879357094,30.10368499126553,5.831346130461631,7.279357731413767,10.35599565312803,5.614023617601712,21.19028472612,-1.8324785536400057,-8.198606518236044
2016-03-31,,-1.3997678695495521,3.6224650351177727,,6.8139565801148345,3.012217915227685,3.6224650351177727,127.87102202374511,31.36768383453425,2.7302436128265457,4.682244980463112,8.77473576015109,5.237554798883049,28.24346768328,3.6224650351177727,-9.932271564193993
2016-04-30,,,,,,,,118.9551630498723,26.20819655616431,1.033918503545395,1.5930950332732159,3.772860881229302,4.729563190334149,30.60777747768,-11.614289379300981,-13.54867508566519
2016-05-31,-72.89651816679002,-19.209511555547593,-6.525725586392529,-60.17305458511057,-30.474619961261066,-37.855885971020356,-30.474619961261066,110.28903664889461,19.24710266736761,0.3037494078784627,0.4215727231613601,1.9516701992277332,3.945971409056409,31.09819679088,-30.474619961261066,-27.949916794720775
2016-06-30,-56.179952170933184,-16.92987446582778,-39.68769060071217,-47.33096666256389,-23.528898654523797,-36.73147651091217,-39.68769060071217,96.2903382328955,12.099828109527241,0.004422367359419068,0.025930013340882588,0.065578834944,2.4262301309335346,29.38563069192,-39.68769060071217,-33.25408007484534
2016-07-31,,-41.78685758634036,-58.85465838671703,,-45.959639198424156,-48.86705172382718,-45.959639198424156,82.11113594008933,8.403303102177684,0.0007472200021243329,0.0,0.0,0.9780724244456884,25.40890967412,-45.959639198424156,-39.26446559772029
2016-08-31,-51.659225331917455,-71.34121853266157,-44.58803754498399,-43.83212820159068,-50.36536886754141,-52.35719569573903,-50.36536886754141,72.76374790306812,6.586000232751183,0.0013377361202325476,0.0,0.0,0.3245537976031657,22.68457667124,-50.36536886754141,-46.14828679283808
2016-09-30,,,,,,,,68.52643480483235,5.470343781842221,0.00529379951756482,5.603662870982087e-05,0.0,0.17355172975180516,21.23159273784,-49.48144770137696,-47.0863590468198
2016-10-31,,,,,,,,73.34510530699592,14.857573546614061,0.022275337424400764,0.010862057915287087,0.0,0.13305859130908768,21.461021251320002,-42.55773951985896,-52.30745638941989
2016-11-30,-29.646040314009763,12.325459378517161,-48.649476791037344,-24.3713844954694,-36.79312506131916,-25.4269134566637,-29.646040314009763,89.5221159159374,18.58048109098687,0.4020697260248905,0.6231094230929402,0.17420656621527844,0.3120973786802536,22.6236143892,-29.646040314009763,-34.84363837494282
2016-12-31,-10.833424647734885,59.98097600701125,-23.097701911053566,-8.514352819871332,-4.2187900370039735,2.6633413182694987,-8.514352819871332,105.49624855884619,27.441222475409365,2.125197141531649,3.348491526372353,8.414614014843481,2.0739063241967304,26.368996233,-8.514352819871332,-23.194382372290562
2017-01-31,24.8420038348267,-12.029183116530744,23.69520685662125,23.547997441205265,60.4210698640232,24.095418976029134,23.69520685662125,130.72024043623185,35.69477530597055,13.220527269497929,14.699592180667041,29.93385533846789,7.36144063631726,33.17962891644,23.69520685662125,1.2695807063028024
2017-02-28,,,,,,,,145.9129453162375,37.07143220388603,16.462522584390335,20.86433725464374,29.13595914074152,9.913931309278677,38.09144988876,39.7614522975915,23.559043118077337
2017-03-31,40.50663130146534,,,36.49094450283626,,38.498787902150795,38.498787902150795,140.60466470452266,33.68712192784263,14.047000711477029,17.628261395105156,15.848965383091704,11.019871782303625,37.72684676904,38.498787902150795,31.227829515610573
2017-04-30,,,,,,,,,,,,,,38.80098952308,,
2017-05-31,,,,,,,,,,,,,,40.98406410108,,
2017-06-30,,,,,,,,,,,,,,41.4947544246,,
2017-07-31,,,,,,,,,,,,,,39.33980565756,,
2017-08-31,,,,,,,,,,,,,,35.7438019422,,
2017-09-30,,,,,,,,,,,,,,32.88951318696,,
2017-10-31,,,,,,,,,,,,,,30.29727109032,,
2017-11-30,,,,,,,,,,,,,,30.73626662232,,
2017-12-31,,,,,,,,,,,,,,30.37899284076,,
2018-01-31,,,,,,,,,,,,,,31.52345875656,,
2018-02-28,,,,,,,,,,,,,,31.05979362456,,
2018-03-31,,,,,,,,,,,,,,35.79992158176,,
2018-04-30,,,,,,,,,,,,,,38.92462862436,,
2018-05-31,,,,,,,,,,,,,,38.39291240076,,
2018-06-30,,,,,,,,,,,,,,35.62222645296,,
2018-07-31,,,,,,,,,,,,,,31.36108221588,,
2018-08-31,,,,,,,,,,,,,,28.40611682304,,
2018-09-30,,,,,,,,,,,,,,26.68106297256,,
2018-10-31,,,,,,,,,,,,,,25.44297715824,,
2018-11-30,,,,,,,,,,,,,,24.9101100978,,
2018-12-31,,,,,,,,,,,,,,25.73507755704,,
2019-01-31,,,,,,,,,,,,,,29.46918416016,,
2019-02-28,,,,,,,,,,,,,,35.3863456056,,
2019-03-31,,,,,,,,,,,,,,37.15662253332,,
2019-04-30,,,,,,,,,,,,,,39.49682642808,,
2019-05-31,,,,,,,,,,,,,,40.90442076444,,
2019-06-30,,,,,,,,,,,,,,42.35229315672,,
2019-07-31,,,,,,,,,,,,,,39.97376380488,,
2019-08-31,,,,,,,,,,,,,,35.95170746316,,
2019-09-30,,,,,,,,,,,,,,33.37454959344,,
2019-10-31,,,,,,,,,,,,,,30.5474652396,,
2019-11-30,,,,,,,,,,,,,,29.44472425176,,
2019-12-31,,,,,,,,,,,,,,31.10786480712,,
