,p_prism,p_trmm,p_dmet,p_chirps,p_psn,aet_modis,aet_gldas,aet_tc,aet_fldas,pet_modis,pet_gldas,pet_tc,pet_nldas,pet_gmet,sm_smos,sm_smap,sm_tc,sm_gldas,r_tc,r_gldas,r_fldas
2001-01-01,4.215272125678004,5.257995966735932,4.6452415781943515,4.622241183324311,6.113257330805061,1.1757670026336111,0.9233195395973488,1.7708312839663152,1.3344446340200384,3.755689645844695,2.841464843420486,1.7743268946440154,3.3856830167453515,1.8981629375005262,,,3.8878534064320744,24.54838936284754,0.18853935984474895,0.4593519626982292,0.2209114198381682
2001-02-01,4.31109679288365,6.216208116912827,4.73929916004725,4.336596467928764,6.9706110877954215,1.163097813001009,1.4445811896744123,2.3002079594127314,1.8806668645876223,2.7847449623517058,3.2724009491881976,2.351050851829371,4.094928115511565,2.7256282739778337,,,5.788100273507389,28.06393170119354,0.24105532549857828,1.161230155362549,0.27533136391769497
2001-03-01,2.2273179214914975,2.6528276003507503,2.3276102409625334,2.9244959681432725,3.5762482387027226,2.343943238911241,3.50763611850591,2.4464274467395914,3.516707332886923,6.651725104846795,7.48780618299185,4.933521570616305,7.623762657448837,5.421487744708476,,,5.029689339719279,31.493466629562345,0.0909977837364198,1.851012644660649,0.17157336731999223
2001-04-01,1.7592219528962159,2.3862848916127852,1.8850875455347438,1.6393823222584367,2.862732094251333,1.627733132390295,4.093193376621246,2.6530134735185316,3.254838108913662,6.029033654048261,10.34452463316298,6.357775145238863,9.722630580000219,6.660870620596985,,,4.174338007335153,29.189360153121637,0.09537805343054899,0.6158554333282894,0.09127210707262401
2001-05-01,0.0038567593868858354,0.03860721388780093,0.0030746888775990216,0.29059420358296767,0.1434420258478805,1.6378445658409366,4.441971368698885,0.7751311163206699,2.615461762431206,12.61367228681647,19.97645464374123,10.969543618927391,17.327947091505493,12.623177203624206,,,2.761378509441305,25.335103275762698,0.0,0.24482387229720118,0.0016776339200738372
2001-06-01,0.1304569599422377,0.19951008047115423,0.152855305657184,0.19232249949104863,0.35911682266753336,0.8100630540298317,2.380914850405741,0.5407497472804241,0.9654896802087946,8.897240007476507,21.084341887577768,11.980341070940224,19.232159878183257,12.604242578936445,,,1.9814851149233699,21.857090954503075,0.005588421569239211,0.137814998533484,0.0014569285086000357
2001-07-01,0.02446933637024353,0.03442641902575712,0.028082955953689193,0.04258957471527399,0.08394256022843614,2.1041387662965394,1.1740054645857334,0.24465307058805072,0.4173285350647961,12.798791557908785,19.929376978963077,11.62941381777363,20.129038844338456,12.375573324600436,,,1.5566416340321383,20.00197011025473,0.0,0.10720240060617947,5.495670444490324e-06
2001-08-01,0.0,0.0038378074366194276,0.0,0.0669301719566745,0.019870859644464636,1.4323246226861046,0.5353128627858814,0.1682610652855221,0.21160393340334607,12.242915602079709,19.730449197182637,10.889263254380026,18.92274129332816,11.635293358993968,,,1.3010981286650982,18.8989007857082,0.0,0.08715893594758033,1.9946871650892418e-07
2001-09-01,0.2081748876826417,0.23391602691401658,0.2245796668818383,0.36835833906863186,0.2768620433759877,1.0955056743812621,0.3880381303872974,0.38500936434494065,0.22868737813082177,9.880631223954547,15.41691638408193,8.034648552081858,14.300393410853406,8.797307600588326,,,1.1229496335705351,18.399603753275912,0.008225161941098028,0.0759182837681101,0.007042234089609864
2001-10-01,0.5882733380693518,0.7266440499269913,0.652400654881114,1.0193172650562454,0.9229529701599855,0.5675286545370968,0.41706627184247747,0.7105497116055024,0.28787881533182835,5.421908894701291,12.123617481344315,5.177744963036726,10.373467778489335,6.315609457677739,,,0.9978146305795011,18.309599090759676,0.02432646434428632,0.08006888857592752,0.03361515232545696
2001-11-01,3.611258951606433,4.855605864715433,4.287120790919222,3.8834007148277503,6.100884263183241,0.718160904786398,0.7453123262116931,2.387630318538123,1.2201449414653025,3.1005208036870364,4.0823331848767275,2.638789531850389,4.5217864437399395,2.435148764372891,,,3.6569464472198527,20.527197708175684,0.21203034929296058,0.2864568521102331,0.16913922394309597
2001-12-01,5.5150851595024095,7.465000965846289,6.013805076877646,5.575237597732332,8.949546114951621,0.6224331273825477,0.6590559847274533,1.5263841862500644,1.1989672828164237,1.358006198434476,1.9420171930591585,1.614339372173887,2.62663702044575,1.5759220571986643,,,6.7419290092696595,26.092858172548127,0.9126645548615051,1.5742259242526755,0.3702388437001713
2002-01-01,2.176708924410219,2.8208647137441107,2.394264100936558,2.7415182457040985,3.28594658052452,0.8325004816555178,1.0254570592180647,1.1745858737426738,1.429426800713328,2.101091743800233,2.8873916599033906,1.614067010278851,2.9749660022626574,1.7428713449180406,,,6.8821819779196485,31.28858432384573,0.5322159697909378,3.45242481418296,0.25551388923608576
2002-02-01,0.9082509538678476,1.4067760761955503,0.9515343095189677,1.1916329481128873,2.027081647014364,1.4402731363966796,1.765055329762828,1.3476500681320098,1.977226355324299,4.6349288155783706,4.700526781202688,2.782501063906809,4.125088709199775,2.971912971344081,,,6.499523077900249,30.08429918546808,0.06616788246453321,0.9521862243692181,0.08927563235865446
2002-03-01,1.976356328176158,2.4652937836226654,2.0868377941106018,2.169222659332351,3.195402605112668,1.919039811015483,3.349058190384148,2.3460110242205183,2.974500061083761,6.171958678545749,8.136331947559656,4.724921621462196,7.2096000157156634,5.1547941044415495,,,5.960925210367397,29.834517306016647,0.09319677584552562,1.150179623639487,0.14867210990534474
2002-04-01,0.38239002172944053,0.7394579405012495,0.4063696469530938,0.691642315496836,1.025867332579132,1.6467115989008223,3.7999422311399846,1.826024068968458,2.918326442498933,6.359864829333024,11.591734627014045,6.604443549308153,10.091595202812092,6.920836550142795,,,4.419401699223994,27.262869425624825,0.01812974267094127,0.39341862449635534,0.027831464558612014
2002-05-01,0.7163963201915887,1.0195646657820516,0.816502291066973,0.570116955842104,1.102288546342896,1.8457909703229753,3.569820324791971,1.7298690088462048,2.0356354684471465,11.11702719944534,16.723696411989117,9.578570160161371,14.858181986570505,10.586434726066127,,,3.182230317376452,24.311249090320363,0.03279617910237641,0.18901148647413415,0.013558596943155475
2002-06-01,0.05238935142855297,0.05543839191895533,0.02212006708305882,0.11542149636890638,0.07784572244338436,1.949429000866098,2.4088070471649607,0.602714888583861,1.0650118794941024,13.306853104616918,21.661212944228446,11.699639244508782,18.86155556898371,12.634592476232044,,,2.1406971220148705,21.522518120738827,0.0,0.11945058823218631,0.00023490778337446577
2002-07-01,0.0007168478595038224,0.002371723308802953,0.0,0.04008959089650563,0.008661332223361146,1.8229045349986104,1.0458268646043243,0.31279283121184387,0.38575718062895603,13.124322047059012,22.499128202270608,12.137271539124216,20.561264366442334,12.91029571900341,,,1.6164981345275986,19.432663079396058,0.0,0.08937893370005112,3.7128560720662295e-06
2002-08-01,0.0,0.001813864716910556,0.0,0.06689969034427905,0.006611032776494304,1.301678518770399,0.472282656872534,0.2063296823149362,0.18239353553837365,12.172321771491513,20.285251793564388,10.714185458333127,18.843336526473603,11.338988353850928,,,1.324186432279893,18.35892051134901,0.0,0.072242732232988,3.6035773111429906e-07
2002-09-01,0.0015822832762500078,0.0014315611293743411,0.0005409195527303922,0.18928914326700558,0.003298261732588779,0.977731362441248,0.23478693045356205,0.16897924951499513,0.10461119630838207,10.282680238363856,16.711140746748143,8.1220892023994,14.643486889627624,8.975170588448428,,,1.1310264025365084,17.85173848818463,0.0,0.059850006097105564,8.47746239154804e-05
2002-10-01,0.0015585812455371887,0.007938195381743177,0.0,0.3553995940341966,0.02696779812057402,0.5502433024756208,0.1221181736542249,0.11492242477254336,0.18294199187771357,4.963351386985453,11.717734199610213,4.921601861069234,9.933273099429321,5.915803683398587,,,0.9906962377254148,17.630216206782208,0.0,0.05471116664387437,0.003560715486017869
2002-11-01,2.623732380980406,3.4947699042534786,2.834306649827031,2.454895260948237,5.092893458071117,0.5710138728100594,0.9428216628680749,2.3859056017269538,0.8884584145692721,3.435952319258265,5.775480444061524,2.768470035808913,4.864501993831651,2.8744970560934826,,,2.2634107532749805,19.983379314317773,0.15089118064879956,0.1918551301783894,0.11846766398201272
2002-12-01,6.966497787654708,9.42164704225856,7.8474433330004985,6.879989511763283,12.267141021589158,0.6959316244558672,1.0171750547311502,1.7107500277619665,1.1116580748699347,1.7600256147423532,2.7846804980464435,1.7424318010413224,2.844221748764641,1.5204570686745378,,,6.844863349504602,25.350213316700547,1.038075128406354,2.175509305585252,0.5154285991129997
2003-01-01,1.814897902173992,2.247588684586808,1.8160125652017758,2.2654518946766387,2.57613974215426,0.6090746648520963,1.2293327906679754,1.0487032393390088,1.3179408778292372,1.7074193704425595,3.480031397489503,1.863390973682005,3.1376568977730823,1.6836589101114317,,,6.779867024797616,30.557895708970335,0.45781390484168993,2.297908138821016,0.20484831495742528
2003-02-01,2.0174568536485156,2.6578864438911762,2.151922823460004,2.7433727591074084,3.267620124923858,1.5385459130333499,1.9868584435067893,1.960685797335393,2.2044241005713574,4.205969723312256,5.090358908631542,2.4319969106427006,4.472098557249626,2.8721525370728336,,,6.752925484153273,30.414370262005285,0.14800681977704344,1.1736914724380114,0.1635022639104191
2003-03-01,2.045339701872548,2.4474234102383057,2.1201035324439057,2.3100310485949365,3.4786619644468058,2.17898085180565,3.8806978974625266,2.494561088366873,3.157969640660051,6.081239196094506,8.90089641569021,5.123107976799604,7.384667515796545,5.275296443252383,,,6.09134550716135,30.02178842734054,0.12164597283773369,1.0538259598144646,0.18752789196274172
2003-04-01,3.1182135242086515,4.698543578998385,3.3167398807396253,2.5310041985728495,6.225227405770999,1.6344631605860234,3.897177160497362,3.3470671999296715,2.8961385740389236,5.224979596089665,8.893535514332175,5.557501197771717,8.49552061907842,5.544694197863549,,,6.009514361690153,30.147126670527825,0.25868926622956007,1.7616512403071205,0.23082416637148753
2003-05-01,1.0996475509383268,1.503648438642786,1.196257051446962,0.9151607420304185,1.7596867614855283,2.1612001917775445,4.983068092058124,2.444417376136592,2.8609870683113843,10.519715298939628,16.201326862423375,9.223591235569385,13.567678700590916,9.852519294569422,,,4.100916015858949,28.204503116916698,0.05182314801989014,1.0095353533461853,0.05139112945236014
2003-06-01,0.0007719402892741738,0.0091584929158964,0.0,0.10557878958396393,0.02537804961381399,1.8478977852289442,3.4398192617855456,0.9133286239914636,1.6664272765468957,13.012206783273266,20.837198819932755,11.45287378685952,18.05721997265643,12.071871074769692,,,2.619851517432772,23.486758531974672,0.0,0.18808349253718423,0.0001157652940940834
2003-07-01,0.02326286155568499,0.055068335711696434,0.013062537874669643,0.0436913542337391,0.10199497680736777,1.4007727559942214,1.7292192954108143,0.4500634316114256,0.6657216926113829,13.040452183623994,23.097832693027676,12.264916307355383,20.9683627829854,13.434015512026255,,,1.8612041235508208,20.479444842636727,0.0,0.11729633688541687,3.6703364968261626e-06
2003-08-01,0.35979050934385765,0.5034529130433356,0.3002355929889942,0.15397104546601348,0.6926847024861774,1.8605409117648672,1.155360744444778,0.6471807737860032,0.32969282948504147,12.098989756743002,20.010448772682718,10.460320950784276,18.226390524371958,10.869547389538656,,,1.478159270039793,19.211346140480323,0.019672232337741187,0.09755931447791988,0.0009067899037057567
2003-09-01,0.01232517050823052,0.021964740901278534,0.010286729880239216,0.207909020985077,0.06223745697521656,1.1126185350791336,0.500186797916372,0.1922470980199079,0.21335159828899064,10.040869859775164,17.189071821881406,8.09944808369363,15.173247774349605,9.19583024599993,,,1.2375221237157648,18.505241414481453,0.0,0.07896884778259838,0.000295751873975608
2003-10-01,0.025065830898418563,0.03893621455588972,0.047179984932627456,0.3915671146689848,0.09580672850709535,0.5188797919903271,0.2197982391704752,0.19525655648836823,0.12618966824646918,6.620148607715187,13.151682534845756,5.683456841754099,10.972339083142051,6.743979168235481,,,1.0697650553217506,18.103818124483396,1.6923782243137253e-05,0.06906985291617247,0.00035768478999483245
2003-11-01,1.8540721637472002,2.374747008593402,2.0884484576757005,2.1071139414956046,2.8870575648640155,0.7707762608874034,0.4571934571767748,1.5314059776133262,0.6498390539636549,3.30145546854707,4.807263187707603,2.3489447836590647,4.702157622278945,2.5644378222689475,,,1.9440744919622277,18.544812297325304,0.10554970840226326,0.19750312394905545,0.06866783453807017
2003-12-01,5.585020570828622,7.393987733733804,6.053128252428376,5.121777634775178,9.08726584950426,0.6416263448984292,0.769442205300342,1.5576223927920394,1.1455165371940899,1.7333970599138033,2.368575236226516,1.6577048577671947,2.7893886576448748,1.6484022856001783,,,5.9966775909805685,23.372996114194216,0.6160280000680441,0.9082884227044767,0.3583624411103423
2004-01-01,2.2064962738394147,2.769626796907884,2.3322831247049733,2.7129380256488598,3.4668458835269846,0.8713099763858738,1.0141349100082773,1.2251261876096295,1.236730052718046,2.1845334223118553,2.7640342466482046,1.5824378558974124,3.249038671327506,1.6839852136829043,,,6.364702770733378,28.978674832228265,0.41781923055311804,1.9604618073018236,0.20639792052049746
2004-02-01,5.265302038361747,7.36551960207419,5.928614254484692,5.438026126355853,8.789892179474757,1.2644181913298755,1.5552451454057177,2.2964582296479383,2.2323195369635127,3.029746997120139,3.658589150352163,2.3348371080227035,3.903010952580548,2.6585296753221077,,,7.166955424024696,30.508551757284863,1.6330452718441935,3.3718798209864373,0.6987242073111448
2004-03-01,0.9482393506752077,1.0061051576025186,1.1583074526607415,1.2238585868263125,1.3065353813143064,2.4828117527852527,4.26293697665734,2.3034689480859605,3.634609710178774,7.905021294768174,9.72678290353573,5.583450450437765,8.129389932507978,6.088635390471362,,,5.677392382825411,30.339914792274527,0.04444390313751009,1.3477306755578853,0.10985881786865802
2004-04-01,0.1948557178762418,0.4089950898387262,0.20003936271230133,0.4901568707742444,0.7900325237565261,1.8737741371388887,4.388066706161731,1.735864869674654,2.969293635324071,9.916905373838476,14.36364268842063,7.331539437963841,12.031507896771078,8.523812674754506,,,4.049043013319178,26.487763974492303,0.004791998886058814,0.3034168230447572,0.012511359885000838
2004-05-01,0.15560563886193576,0.2630515989655564,0.13063299059328903,0.3598788064380964,0.42461489997048285,1.312155990060313,3.053436078904527,1.1370039929130373,1.591014737604112,8.324135292197152,18.222361688837545,10.041407954114147,16.34244551961209,10.997685046580356,,,2.817325551691495,23.003821386600325,0.004212559785282346,0.17517877014151118,0.006445265449166312
2004-06-01,0.011709244014935907,0.03634777896105607,0.0003765807702421569,0.12307778325009115,0.051289357198642575,2.1427743752469524,1.7070356909765754,0.5387820686762201,0.8460840026416698,12.953130708654816,21.23232010787397,11.413702636958536,19.42147436689011,12.417464504859147,,,1.9809166940991247,20.697871056436565,0.0,0.11774098098624447,0.00039445590321162484
2004-07-01,0.00017983691741775188,0.0015885440986641147,0.0,0.03877903535669885,0.018912896307345328,2.0230574522644336,0.8228237259742961,0.300163636514249,0.3591176278448103,13.023899104185398,21.407295034196416,11.97607249910974,20.544375154510902,12.528592077381564,,,1.544618797430262,19.090869904184505,0.0,0.0948138065656173,3.276964464618453e-05
2004-08-01,0.0015545308386061209,0.002413922209124427,0.0,0.07794593530785379,0.02593286957092571,1.4441007902198653,0.4475238061199611,0.20091953459214115,0.19491186934627155,12.09452574277058,19.381809725692293,10.616069491636587,18.68475363065658,11.314348962581063,,,1.281886716911134,18.182159201530567,0.0,0.07843219435301338,0.0001567520269723575
2004-09-01,0.10693214064086408,0.08025970477750952,0.15937589054086831,0.25990046059317307,0.1566154943190907,0.9244252113098144,0.2804222677364961,0.26301729681662633,0.2203801215241772,10.075153563723505,16.529074341030547,8.180825754597212,14.85697544683477,8.949566244487968,,,1.1030346930621742,17.76404798513936,1.575065349019608e-06,0.0663483634718345,0.002984424477304516
2004-10-01,3.3777239802997476,4.423651892590835,3.733996889258552,3.147860095129992,5.9994348048695185,1.0064479516807023,0.7142704786931702,3.1566921883741523,0.7028650237162014,5.815420005966455,8.886378839888707,4.8030809552239475,8.73948338827321,5.17360287365964,,,1.6958941646213521,18.870205667095053,0.17158920554903065,0.2884871477415999,0.22985765648475426
2004-11-01,1.8012509590738381,2.0467466615761554,1.996146629820847,1.460217230570641,2.0087173771386158,0.7056595340157384,1.143164044041112,1.501496407058436,1.0597923759227785,2.4477668358762177,4.638448210714063,2.264239633035562,4.086456984144786,2.353274180113302,,,2.2848231987252205,22.65215751781531,0.0952618506388394,0.1904695472607864,0.12393320444886231
2004-12-01,4.755463783636419,6.639634102203845,4.69348993697774,4.716597500549011,8.686734039636127,0.6385428853541174,0.9138942792912683,1.6177492870629495,0.9861533767496989,1.8722185845953747,3.122804067674159,1.6243412126501853,2.942520406375028,1.7146090547119461,,,6.10273670209255,25.179798739003218,0.3615354681940907,1.074202837745043,0.3660714371332416
2005-01-01,4.97073042319828,6.457285895462538,5.5829919298321995,4.641913079145729,7.991440314030993,0.7095687400359039,1.1605013493271525,1.2306361531804715,1.4187472535460146,1.2989972074715188,2.3047398618253863,1.2315834171479514,2.757510438921592,1.4530057423803793,,,8.021815691196537,32.715930822834196,1.020188824068852,2.6864521685887004,0.37620283362056456
2005-02-01,3.1505451210479833,4.617537155127509,3.8350108597843136,3.9088924454209626,5.554424100516045,1.6914711747168436,1.932149918661337,2.181662184824724,2.2923435028144397,3.24178967223519,3.8257366942567024,2.231720502338042,3.956082305449365,2.586980349164062,,,8.200030198261159,33.81271791525246,0.45723995208042995,2.248524218040188,0.24412989668628401
2005-03-01,3.1918498021377686,4.718827782115994,3.850538759105266,3.441847385558657,5.812287440229006,2.572586370927832,3.778344273712056,3.572662258902805,3.4456547676702725,6.217176907521561,7.287420140629194,4.57084357352035,6.530419367419886,4.763380298610419,,,7.637362654392722,33.72390200948472,0.21208899445703067,2.4032430056447023,0.32139646451452264
2005-04-01,1.4070596705984324,1.9732708019094336,1.6213864779208573,1.6097669610767353,2.451523066572139,1.9851013702280034,5.120315407678546,3.1599209901698075,4.200829397192963,6.050748063734946,11.269546003197537,6.51553504197609,9.019505361122285,6.704462675531609,,,6.117497680473952,32.60503791090204,0.07526263282401983,1.6627815330933298,0.0917432029814213
2005-05-01,2.1983706374754637,3.2455617145032334,2.672821811522047,1.5054631668022425,3.585551724360031,2.5120267317044607,5.36946628579281,2.9441336092441324,3.491398150163874,10.134532141310716,14.280150962059375,9.198608857607079,12.223788198035678,9.29087017908071,,,4.532950613722051,30.49061388843246,0.07478807461552177,0.9940136768982679,0.08173666801134964
2005-06-01,0.4075256090220198,0.6905413528420065,0.5609079553318148,0.19551162581319623,0.8635278644142145,2.2453280456506124,4.422252582095492,1.4365666496641518,2.154744024516839,12.383944166370359,17.734436635181883,10.759443387238344,15.245068975277098,10.757018337687184,,,3.111223814093001,26.611409815790203,0.021039088943486252,0.3574649481720857,0.0013600282002573685
2005-07-01,0.00035237666517716314,0.0032719923020438474,0.0,0.03849034884060816,0.018212007141156398,1.4242523672267384,2.7576811644358603,0.564156255719934,0.9011296551421001,13.683246549455019,22.055575707453887,12.382976608988821,20.24039825894718,13.299350975049135,,,2.131721903887862,22.907008210549193,0.0,0.19190407255375824,2.36474531711397e-08
2005-08-01,0.012496029669158425,0.025000373189224736,0.00808315812147157,0.07283465068292454,0.07014439608831817,1.4470601222612207,1.0548477549304713,0.3438366356676149,0.3592325381649103,12.242379241679046,20.292627790992604,10.744885948787163,19.123899575998976,12.080463202900845,,,1.6552411531966746,20.600392728800347,0.0,0.13230984833540985,1.0905324490128203e-05
2005-09-01,0.1348117594436659,0.14195416194261504,0.08346888467817848,0.25110709289419225,0.3040116982954022,1.2985235838003877,0.5388354213437164,0.34318618741594464,0.21139206550337958,9.703872867717816,15.003485389701293,7.654966375684591,13.474620239794403,8.231170830891331,,,1.3711649410397364,19.58520812956233,8.063495999999999e-07,0.1044999846042143,0.001421540353999321
2005-10-01,0.3943877116294846,0.546532265055108,0.49568699592866905,0.6856764757183905,0.905940678043336,0.7234906619868747,0.6559253729988742,0.6934498577613525,0.3421616374434958,5.194917002309958,11.062991485373045,5.154166469862523,9.52354836052803,5.7390446356168425,,,1.1852405601581177,19.45315862201081,0.026595747230227586,0.09899114318195233,0.010664463508935197
2005-11-01,1.2529980546377242,1.8628858375886803,1.761087221411691,1.728255178496336,3.061519410899542,0.594566136737158,0.8666997984910452,1.1137219776273577,0.771122098155589,3.601305211479641,6.1589273819418215,2.737334055660266,5.410637941283767,3.237644376153804,,,1.6511177906292456,20.67597891131166,0.06294116929694127,0.1899536249959609,0.09408024560063266
2005-12-01,6.3600212167765005,9.900771332817692,8.057840595983311,7.237315298213163,12.754323770348085,0.2946008885298211,0.9098819831849764,1.5260537162741226,1.0359521996927576,1.0351796474424924,3.0696264479742092,1.627026431521979,3.036765244004979,1.7864851630229674,,,6.463288885882479,24.628413038145656,1.1319317851954986,2.1831269024030435,0.4808770403404588
2006-01-01,4.372528729346426,5.736421574426721,4.823792779299838,4.466188083419601,7.217293455193383,0.8476923404396821,1.3199095533874963,1.7942555868969776,1.559963540922455,1.926078053885323,3.2415983408994657,1.8626405981796377,3.063096589831839,1.960840152592445,,,7.438011594745173,32.7344285289668,1.0751499206603283,5.229765137342605,0.5520377736553521
2006-02-01,1.7733849849820276,2.8892410691521975,2.21472040571924,1.91201306640592,3.756440185187611,1.2812192763599382,1.9538929166205874,1.9012572661643643,1.9027547109724927,4.125071720540037,5.383299462883923,2.8595232359294123,4.465388319297927,3.2625183649845724,,,7.1832440284376835,30.998729196990773,0.29389313011158424,1.4948945236116369,0.24321596589942945
2006-03-01,5.391287045592712,7.64320697344747,6.347445314729716,5.880831398181188,9.33115879658697,1.6736841851493822,2.97040037895058,3.249025302047707,2.787103937732516,3.5863061284889275,5.595574108054213,3.701487070811681,5.375455739078202,3.7391752863689076,,,7.515638685159103,33.129097222305326,1.4914293704762194,4.287945620194869,0.694208542955988
2006-04-01,4.707754900282301,6.492214109436205,4.976767573734646,3.8781960319758064,8.042091260684822,2.3600891447487844,3.9010436423032755,4.563166733515375,3.94778501560599,5.53071653428875,7.198145285639336,5.724921314863111,7.506979140603149,5.72430517530804,,,7.372224867716718,35.26934134718515,0.4677570643296361,5.442276955722678,0.5286053086133847
2006-05-01,0.8748034910695303,1.1776864475641833,0.9594929505329358,0.6636054890270745,1.2588458414233443,2.634449974450844,5.345471082902867,3.1857465394806397,3.9746865871999253,10.817743900986187,15.39471192665896,9.683156591518243,13.632560560843865,10.508397428160995,,,4.5728784574512185,30.183243246208345,0.02750187831646277,0.7506721309161156,0.021550334239599296
2006-06-01,0.041113782632342666,0.08803602179394131,0.020866443886078414,0.1375820154340263,0.09528351240812169,1.9997293208951226,4.354006147883614,1.4462065276771492,2.689509833313263,12.737740223326792,19.569394582544586,11.523593825066627,16.9475049532874,12.344269221453676,,,2.8829964959238024,25.840894392874624,0.0002648391867647058,0.27304703052905105,0.0004889237917523087
2006-07-01,0.004107900546141408,0.019294393118119917,0.0004144642525509805,0.04301705060906973,0.05999499226462793,1.4372667325822732,2.5290527609791322,0.6301371568740011,1.1632292194325893,13.42394033463861,23.225422254604375,12.375192821778839,20.27989461350569,13.38772142276621,,,2.0226655638616347,22.220239492888496,0.0,0.1819526705905874,1.625733227337678e-05
2006-08-01,0.0007829478044965984,0.003966408608331486,0.00035693122752352937,0.06762660536300091,0.07904637391645528,1.744656197093894,0.906154559643235,0.3492007410052921,0.388320952480103,12.186901460437202,20.084971171958717,10.557659339021436,17.95849971337693,10.976730877292642,,,1.5927392942802823,20.193211443360216,0.0,0.13832507278537498,1.9788683638801096e-07
2006-09-01,0.00024668716891483507,0.00033872520963847434,0.0,0.19590677569650747,0.004654246681062527,1.2127902304946103,0.3554937063367288,0.22723579944778186,0.17509017872577418,9.392183133296399,16.7476353936547,7.945138799829998,14.951791165718022,8.917181136656716,,,1.3261826848486902,19.281374908536513,0.0,0.10996549518795921,0.00018094308037365576
2006-10-01,0.30253497664310075,0.3584112029553441,0.34884581768607614,0.5335345240163261,0.48615853143862037,0.6835624139882507,0.46314749480364953,0.4573703718393072,0.4586000522484768,5.734473818304365,10.676295838433255,4.971085852274966,9.543500660176953,5.413694875234671,,,1.1413559617680564,19.116353316134212,0.0008209963881215687,0.10182465968004666,0.007084111791262415
2006-11-01,1.1810130847586053,1.805610826256478,1.4924897527170846,1.8198600173841104,2.701219493668637,0.6717587495612669,0.7515290074704974,1.193215346632899,0.6740936447054564,3.1981120223744814,5.35367443372434,2.4875774901618506,4.972927764307127,2.7637537958646097,,,1.5797142646366371,20.583364753402623,0.06584420257336863,0.2091866523040638,0.0682999041540413
2006-12-01,2.6431672219739073,3.9889253344832656,3.200957968565229,3.0552139337089472,4.926487284722106,0.5921874937517111,0.8623400114485268,1.452809652845938,1.0231218444104824,2.513261698244218,3.7389006440726402,1.799679248544704,3.1528233619984656,2.1097959903364347,,,3.233710580209544,23.041090783633308,0.12684266963419638,0.6353400416828665,0.16356139831439617
2007-01-01,0.47335139318650493,0.773673306234785,0.5825439686129152,0.6729134759485752,1.215619687954236,0.4896114330337486,1.1392479852302975,0.6711077888233035,0.8723634811523906,2.1682493685303657,4.883997888649098,1.7616113931028448,3.4326978212828454,2.5664065137066143,,,3.0266843541018105,25.191385013674548,0.024490885779560885,0.597242184721014,0.013992660590806479
2007-02-01,3.408549367409455,5.798945561186286,4.303803293244131,3.837905568785783,6.973596106188942,1.0710286229416666,1.4785430649148419,1.8869141067258397,1.5050355088466616,3.087849964367007,3.959642908477383,2.425634067242927,3.988674879855659,2.7020002609772797,,,4.515029617659985,27.59865978700779,0.2022279555040622,1.5254748378159442,0.2532491840048619
2007-03-01,0.5987390024165017,0.5786995209745102,0.5894573813144429,1.0286694609254607,0.7854612409481986,1.9789986738596341,3.2969872679348198,1.2175428360183647,2.581396073847015,7.69332913308914,9.188188231934731,5.32818046653513,8.119228734567939,6.100272872918514,,,3.4752799327079407,27.469331141578714,0.017629880530313807,0.6910206403857774,0.03338159256951866
2007-04-01,1.2320478077526855,1.7154571829208445,1.3004939748175002,1.489899218078979,2.0506833300763767,1.4840581372620578,3.7109136576172377,1.6729860189380374,2.4510080663351586,6.559514649844279,12.531321621264889,6.911439277728715,10.848597916956582,7.775737338106507,,,2.89468782334193,25.12086775327049,0.060769148845004145,0.28742563700472606,0.06383386435166
2007-05-01,0.2277454403221042,0.35714061184397283,0.28096909190367836,0.33869210630887214,0.5473063624668892,1.8075202562460158,3.0019602420922205,0.6408912849096364,1.4601532643783042,11.792227527981462,19.926812810861147,10.148420210355813,16.538890149704184,11.271745788735617,,,2.0902837007757555,22.670884907317518,0.006816261458819605,0.16843221549633108,0.0026701427617683276
2007-06-01,0.022864649695378724,0.06610732773685442,0.024167632592856834,0.1524783405716797,0.11942896046335176,1.8493211068349278,1.5367015755579814,0.2868683221295966,0.61132957198939,13.397095977237205,22.559894367280425,11.598205613328284,19.236463126729255,12.641855528056334,,,1.5586828551738225,20.290999062965664,0.0,0.1069432582522659,0.0006455853320302093
2007-07-01,0.13581375332793313,0.13458129218992596,0.1527274002968626,0.047298254872439986,0.102010169008151,1.8303135247390219,0.8203184274086965,0.27905441471681314,0.2684314112878516,13.219872634492777,22.92190648636477,12.167599982750392,20.344400048423385,12.910223865423317,,,1.256936174618102,18.836024440081424,0.003092262199058818,0.08318062119791293,1.2110602235138693e-05
2007-08-01,0.01743641293872277,0.027736075631041687,0.005335400764042157,0.06857056518419602,0.08548804260395887,1.5451495338548134,0.4456790939090446,0.18801458584848338,0.1462219157239514,12.366914219757446,20.773533714653087,10.822620382631277,19.12595446593626,12.09871128267959,,,1.0688703564257882,18.029456721603978,1.8485936317647056e-05,0.06923944896754591,1.9433637973964891e-07
2007-09-01,0.3450909956661936,0.36023469973985717,0.35207587078776553,0.3517167849505743,0.45915479752481964,1.2903203942443067,0.4155529020025991,0.4245514392981528,0.2140055481535084,9.060546921935533,15.408152115331049,7.7355318316017,13.7009780385705,8.234754715152826,,,0.9363519827739106,17.728571702524718,0.007261683736380385,0.06254098796196965,0.00367160700403921
2007-10-01,1.0803488451217735,1.4950784884199506,1.1240320186960637,1.2011516942592357,2.017848075702889,0.7653353993378352,0.9665353624025442,1.2710355304917424,0.5594212855685307,5.022951784253317,9.998181282174833,5.018367197003195,8.735341770013822,5.213739105555237,,,0.8722576280206558,18.53497167512929,0.06511094248782372,0.10809299677759154,0.06733904756528446
2007-11-01,0.5162011130585205,0.4011548267860293,0.500351618757917,0.7910728325195178,0.7566115215743437,0.6093682492473284,0.6714490288391142,0.516790450688052,0.6088846087590878,3.8059949910894355,6.886242537829948,2.593756278193937,5.253821331897439,3.142082515306006,,,0.8115473068497819,18.98919418138766,0.024752449299172564,0.06959463853715253,0.020386308641062462
2007-12-01,2.720594727824427,4.201750846057975,3.200168310906764,2.5666362432603713,4.913449813832451,0.4669691650904178,0.7442336694819413,1.3283620260143696,0.6478697136217783,1.5248626882862197,3.5563270007835763,1.5645362305555304,3.1285159238425297,2.114244015075081,,,2.706910453469666,20.4764259080695,0.1341797770898161,0.3199655970483808,0.15101336814141425
2008-01-01,6.660874243048924,8.317868180506569,7.766070615888781,7.051848383484319,10.676634551142154,0.7402500444979705,1.1966092981984588,1.6042947546401762,1.504539025722267,1.7591294737014047,3.1561494403377313,1.6078760166838555,2.769933927622633,2.0513103845488074,,,6.609353537878137,27.279853053719094,0.7092005261674281,1.7340725504528423,0.6179160065194893
2008-02-01,2.6417155771932648,2.9431952934363084,3.176462675700225,2.3663199193410414,3.314082504727285,1.4584419957541028,1.9440582908033606,1.9859570417769088,1.9487748185588292,3.883764818182516,4.61389296940031,2.5068172068948757,3.7955972400849687,3.0449017648174483,,,6.702745262417317,30.04896943778443,0.27517359239632977,1.3794515768338829,0.30344588406997564
2008-03-01,0.0922436900608738,0.8518272682245662,0.09560186545765986,0.8136055655311498,1.59462263689461,1.4048192191854842,3.8526891122173614,1.5460228399897042,2.8950285811767613,4.654225823190213,9.589366018055836,4.976783374538393,7.3227099984891195,5.724579859828836,,,5.184887354643878,29.190545269746636,0.004974858341360773,0.7488760638118886,0.019833896829270944
2008-04-01,0.06850906850131443,0.45481084456076426,0.11765551234403822,0.4736487487677178,0.9576235768085546,1.8576978545521006,4.178952175855526,1.3995684488494546,2.681511134630193,9.600095030847575,14.248869239668796,7.167142937074138,10.968153181017572,8.057814698773141,,,3.6741351001718465,25.938941245626147,0.001640445173325491,0.25303350261440993,0.006105046212582968
2008-05-01,0.2170788063347536,0.30549428194735617,0.23656663899689404,0.3311361442267115,0.6555417494373885,1.2477536886281342,3.1404769794329357,0.904209782568405,1.489816622333113,8.40369746836375,19.125303042039945,9.59178204832933,15.59166399334421,11.068648011590042,,,2.603841402269616,22.630429996673733,0.002178712410462749,0.14054645516834652,0.0024578373318737213
2008-06-01,0.0004882733536939737,0.03790770945586916,0.0,0.1221153461548482,0.14914952008788834,1.1377039147176184,1.7381825960039774,0.4175906301823029,0.7141752057788973,10.292512911387467,23.224817729981297,11.823044353880457,19.467469098884127,12.932546781890862,,,1.8938390710344284,20.41505997523564,0.0,0.10315815303543799,0.00010731917879492053
2008-07-01,0.0001984993777948996,0.0411129778871734,0.0,0.03850073941857102,0.13401425000617576,1.2392484644767834,0.8354707178627012,0.2524780193382752,0.2848394123953934,9.776043284839927,23.841748026283096,12.036201637620112,20.895523801940964,13.219010481173557,,,1.5078430467308928,18.847304081228522,0.0,0.08468610640683934,1.479235119058582e-08
2008-08-01,0.003520424945773518,0.039797822699890524,6.657082901960784e-07,0.06793300739246806,0.08124043790983466,1.2594566904332969,0.4617296820938031,0.18205748530927807,0.15282232645710186,12.4597933155318,21.659091295898556,10.94744222758049,19.147417329686455,12.051952859216103,,,1.269095502037233,18.035557815499306,0.0,0.07165407505563573,2.2210110933247252e-06
2008-09-01,0.0029756148113356568,0.03752379086060915,0.0,0.18758516972518727,0.1829868226697778,0.7260162095827991,0.24047578926198082,0.13413246522918598,0.08026887802769661,8.042737554513204,16.499805238784365,8.128372547656143,14.76665658057915,9.12821155437868,,,1.099106994526168,17.6424833115676,0.0,0.060569669145639785,1.642456063815946e-05
2008-10-01,0.4522480847156899,0.9452396651528647,0.7092234210670884,1.081380083938542,1.2043271538442537,0.7646812538370849,0.4689332490457836,0.6071401135352714,0.2963178827398609,7.5641461712728875,11.42200302579824,5.599118181715391,10.047286203378091,6.15035074683216,,,0.9772873844442855,17.730951371669068,0.023590263465709815,0.06729156995186433,0.025875618413541857
2008-11-01,1.780845881922426,2.896200144534138,2.16936097602693,2.105211199849534,3.7404494594392106,0.5469290636489783,0.8685266890463266,1.7982564560662164,0.9282228766478087,2.7063276015556332,4.952269199477718,2.6650266937922433,4.619077874610433,2.7695087739035134,,,1.5527113529046839,19.902596633377694,0.10169088716216909,0.164482685009172,0.15696547490280408
2008-12-01,2.016254907319095,2.761229345017904,2.3648145854408775,1.6298417958978095,3.0297744982176704,0.6555973152509048,0.6884508331248222,1.2610432781231073,0.6026838498027888,2.054482981739738,2.9782095045240218,1.4264272707295769,2.9957484273899504,1.5792235079327686,,,2.6754996747681634,21.609306665691015,0.09868043170534539,0.1801786172723898,0.1221151056081552
2009-01-01,1.5636205601124598,2.455161855712168,1.6659819291034499,1.194856272888556,2.7176579356880803,0.848055766199937,1.1420575672087938,1.1286691251623924,0.8870864153673724,3.842340129982241,4.036486374533036,1.9487402329226986,3.229277855937868,2.3159243467304287,,,2.7599218668274954,24.0502094784795,0.056403721724929544,0.30531407510654196,0.05170299385246817
2009-02-01,4.8017875967966,5.829585860338415,5.577663569526272,5.545590187289849,6.44894093405838,1.371750897144403,1.482238371874528,2.213982924099617,1.8326614784050934,3.547593859529374,4.039545833562627,2.507995374860905,4.0288023739088334,2.7143151947006405,,,5.115075502294437,25.679293441034595,0.25027650750592706,1.0828443613467047,0.4735496365326679
2009-03-01,1.4505170200989184,2.2357548743882982,1.6541876993701532,1.9390230525624532,3.5171508879745503,2.038126691216471,3.5050037830159746,1.917489770962547,2.7675985636169975,7.095212247292991,8.762371679851269,4.870506825900126,7.540188529888986,5.501557249811821,,,4.639837379828957,29.194618896504945,0.07607328919197297,1.3089247053569941,0.19816722510248908
2009-04-01,0.573599988836147,1.0158687069635322,0.6209496487681513,0.7813016787492406,1.402202821476518,1.4917114257033357,4.080099918942919,1.4391103357100878,2.6982087918712327,6.795380769609059,13.177490190305774,7.091575230912989,11.057436941947872,7.8177505950244885,,,3.4176068088968536,26.030179641104525,0.028498249158964723,0.3008557120674626,0.02601647957241702
2009-05-01,0.923048433122238,1.1087299007360942,0.9555325393815595,0.881429758544618,1.3777449243360231,1.8918582895065685,3.749391744788651,1.1989975056488282,1.9250737575151966,11.465523260969393,17.785480568119976,9.863536853680506,15.516625629169779,11.297490740535803,,,2.52645864255488,23.793913164998635,0.029475785938525515,0.21485883281502463,0.031028780162706895
2009-06-01,0.36045212423878564,0.6129093920710381,0.5040015881838351,0.2995979413457772,0.7395572886669273,1.931603079808265,2.4927357030555695,0.6596897069222437,0.8896713220348377,11.948920762623324,18.641392192517394,10.554530245800454,16.79695831480984,10.961752856647687,,,1.8683146912864377,21.399397200886728,0.010900206719827416,0.13095902438106619,0.005327730700207653
2009-07-01,0.0,0.018694855701618364,0.0,0.038439759887790075,0.04620596963113404,1.5748618531494232,1.1437609404978413,0.19827833473875325,0.37819233212866815,13.586242184329505,24.388820739761584,12.096902312332652,21.014071713806896,13.351220819308267,,,1.4346899074702555,19.327483241573344,0.0,0.09536591122106931,3.803034781945394e-09
2009-08-01,0.0014248578874813214,0.042649036556752715,9.525573944901963e-05,0.06936965922128092,0.09393176282810826,1.262459393812695,0.551301943353037,0.15163145899406327,0.1781021883483938,12.198815944312999,20.6241805800305,10.747541796696144,18.5466187938815,11.649070755327681,,,1.190017296557076,18.252102237766856,0.0,0.07514967655254849,6.21350020212832e-06
2009-09-01,0.13925214070074407,0.27487426186926023,0.18288616699212104,0.2483786030543091,0.37622919865147414,0.9391861397130258,0.4242122856593171,0.22654746086484218,0.17025087814605414,10.396792096716917,16.57596911027128,8.3460955170234,15.009060749997808,9.396334475144469,,,1.0258149385762132,17.83693412315636,0.0,0.0632388793165175,0.0014383849700778297
2009-10-01,2.150010586038922,2.7059684750024093,2.4858562451318313,1.9544454059013672,3.453236736705321,0.8745998838488471,1.0837748427057632,2.1703367422734936,0.711280172917076,4.697192550937131,10.402394037121867,5.0966809409314635,8.795903574122244,5.536469155618444,,,1.076217254183153,19.079769474874325,0.1127893556648196,0.18832735530489303,0.19786356086615606
2009-11-01,0.48689900350579357,1.296625441124961,0.5988842424254225,0.9059570262650727,1.8795258671886685,0.7515949492477968,0.9017649683837156,0.542598538426134,0.5919759092375434,4.28046951923997,5.667322057504566,2.801692366234104,4.97986266880867,3.0432349568710024,,,1.027687403353349,20.35340268371793,0.019821704573866648,0.1305297738825505,0.03450861347806931
2009-12-01,2.979936726293073,3.6955641423178696,3.309616202984237,2.862722370409705,4.412574062090833,0.557205838224211,0.7137218284830703,1.2981859461231706,0.7463093709141997,1.7763618636750038,2.926962279330789,1.347807499193633,2.618556208230823,1.6005008314599212,,,3.14587131308795,22.175115475859954,0.1433021581932156,0.2366021081667564,0.1402795760731742
2010-01-01,5.838956021405915,6.501438298356384,6.518313333641144,6.685237293456461,7.485631203391379,0.6976301362897371,1.0455702222324212,1.6506013616006727,1.4226012773790162,1.791738509766185,2.5978826808884947,1.7111258159105116,2.7571634627085966,1.5221112241259656,6.630144242780332,,6.388750500389346,26.683372758093704,0.48318832634305653,1.0368258509256825,0.44658319249224426
2010-02-01,3.6897153215631384,4.77953793285388,4.036566029530263,4.2819987378371565,5.149768600267131,1.1248077673247217,1.5791064663443086,2.1375878399898705,1.8898432719108655,2.3529572915067116,3.540651723246856,2.3584064416056116,3.5506667125517093,2.357936383709547,6.532419443871332,,6.775917408747922,30.021309026107527,0.4668229758174544,1.232859603765498,0.4390760072684094
2010-03-01,1.5194756275758246,2.186589436821398,1.8056847796025437,1.865583747980075,3.023568479375333,2.0063513840209724,3.6278108486754546,2.2643195826329325,3.2425411733352996,5.7367761420691155,7.695957186140947,4.749122456727345,6.943151953298541,4.837247662716898,5.59609478816078,,5.991755159626692,31.229345295746228,0.07689017863129423,1.392393525925419,0.1797838475538641
2010-04-01,3.4080844790780382,3.978078794903873,3.7190170160232388,3.0764612177293684,4.811479207713862,1.959542755645644,4.109113189711872,3.5915878436876656,3.6172845419925936,5.856436556416913,9.331540426013886,6.057122497626247,8.51607696791252,5.886591854970519,4.019301360385228,,5.730319090151505,30.140495039864295,0.22311495977126197,1.0924682717060534,0.3958298578866046
2010-05-01,0.735814356707708,0.8044996348070832,0.8664705437473788,0.5936847781854646,1.3566563222561276,2.1934565475309675,4.611793469543245,1.9159962842616864,2.9475776768974575,9.708267022919477,14.835133009335205,8.80111306796262,12.642368932529882,8.8490486276618,2.4373879159386935,,4.073101957379012,27.741801234347108,0.028833187537478485,0.4391102700649219,0.014796760311879771
2010-06-01,0.019325849293318587,0.05799324349227194,0.029366234667932357,0.13580687221101562,0.30977825051788244,2.200801064133011,4.0938153658880445,0.859185605142073,2.081709860003126,12.418869399338774,20.220701687735108,11.372606221985771,16.943152421249717,11.69610047017021,2.1679312988934454,,2.6764326815587385,24.440045670857273,0.0001485937870901961,0.20144458818448135,0.00046774601718709225
2010-07-01,0.0005476594720656344,0.01684355312459631,0.0,0.038760850687399324,0.28274774563403765,2.1058572470978696,2.052550835552668,0.42456346255171057,0.8180325982766202,13.326597644220735,23.288409416392444,11.948713354983255,19.827543643700075,12.650050839803347,0.9416951414907091,,1.9031480185502618,21.031113031106152,0.0,0.12417425113330338,8.865937865014282e-09
2010-08-01,0.0030227699705086294,0.03388939535604077,0.0019027312347764708,0.0703063997918039,0.10211851652069014,1.7935049924771542,0.7558324646341531,0.2624964601065872,0.2888969742569079,12.091093610834147,20.320923526453395,10.525314769507093,17.79026805482512,11.087292363666775,0.718019891673924,,1.5035776080333807,19.294833022764976,0.0,0.09318272139026604,1.7453978800144648e-05
2010-09-01,0.08166613190478578,0.08129118221138346,0.12086390194142155,0.2297386403528395,0.27600890661603283,1.2575305694945098,0.5011306782060583,0.2966187546342896,0.1860499337551898,9.623062543024442,15.191490315253779,8.167129414230082,13.850134317275257,8.691142469630861,0.7247332650468487,,1.2573941864311466,18.662560283126624,0.00563515597078431,0.07701355398479337,0.0009033532336588397
2010-10-01,1.8698816912331009,2.231588673311544,2.0232103334298217,1.8948483560139104,3.263861751922353,0.7785997594602194,0.7892301531718697,1.913914745966173,0.5206828897026236,4.583524035246928,8.937176100908454,5.053146345472801,8.798218048186522,5.096502763343109,1.4266408531012957,,1.2479220468904662,19.108949215695443,0.09565891930745966,0.17144159750067786,0.08610151595205132
2010-11-01,2.5025824366175073,2.9398099338728287,2.86671808192845,2.5151698966701774,3.998088258806866,0.8508805768507979,0.9115003401635813,1.9508547721544944,0.9541384619401173,3.8054925236197934,4.45131321533265,2.6931550527372896,4.382315196016277,2.6769228002174232,3.767523262551907,,2.1736357473444645,22.01218498325565,0.11911762029081618,0.36894508977776874,0.1718802437185535
2010-12-01,7.6041551937525,7.918165516163312,8.251635672256304,6.964899970545768,9.873272716192245,0.6711805442401897,0.6801310983797976,1.741275441916395,1.2016982545661712,1.4294322129019246,2.015582752339137,1.741275441916395,2.4229576975383353,1.5505158134315964,6.596035239390924,,6.505785732689117,26.833437701410475,0.32015345352811875,1.4688758885742283,0.45985330389189405
2011-01-01,1.903962423150727,2.554240940606055,2.0965222243663932,2.1757543462873508,3.3506492019389187,0.9674339424453677,1.0994526617531286,1.370890346081481,1.5156477167089497,2.485903140642067,2.6384203006742846,1.6612434415619426,2.482229234922421,1.7113408270171504,7.336019347354358,,6.568752763846977,32.27433813752869,0.10107576953160798,1.9830021977297079,0.18663647092722335
2011-02-01,3.0702724310631684,4.03147225935201,3.3337468065016607,2.609199121604337,4.546819744482032,1.4054341489228672,1.9627050993613975,2.3668872182140572,1.9563514846946213,3.8685030112437424,4.4799719238696065,2.6640216393026788,4.065303321447224,2.743467084606466,5.808207691543628,,6.954488366200873,31.876631002896065,0.25973772432323877,1.2547889543079969,0.35584352895881605
2011-03-01,6.394565054622814,6.751731880154,6.57443691522676,6.127608705148405,8.169025641696384,2.0998415253880567,2.922229711796541,3.6481783754530386,2.8407532476290585,4.877736162360001,5.44066054068309,4.232135614195146,5.41092111071839,4.129466150886012,6.716015284428199,,7.502550576087843,34.01041740071351,0.8268278733257614,3.782336429631256,0.729518437568402
2011-04-01,0.4177150389634183,0.6105249346403244,0.3889805766479147,0.7671009130720291,1.5768893388402168,1.885222994840881,4.667781065100716,2.279891919544912,3.9865597478006656,5.301122650266843,10.63765070200941,6.494779349090588,8.63900789633887,6.152407669937542,4.175082533943636,,5.525170111096472,32.31673649755985,0.018631341094662687,1.3833268865948547,0.02417084645650652
2011-05-01,1.3318638114042953,1.2122840380283277,1.492182414886096,0.8735378564937201,1.54770738527448,2.1951133300950527,4.5088659111030545,2.1533596231069736,3.103563371536835,9.532771794146592,15.099637043365654,8.891092538734167,12.206094273229189,8.584972976158529,2.106750542297473,,4.004370297068123,28.34992588342733,0.03641071451210204,0.43095188139228097,0.05658276502551966
2011-06-01,1.610337707759165,1.4244762137473728,1.729495001081192,0.34004112849447937,1.5955262647008817,2.3783963887539326,4.248587729462698,1.2209943306896154,2.3725322864825205,11.97416231148919,17.062069799535436,10.234119958317057,14.070741130675977,9.579059598273734,2.1736930124740996,,2.80535809991178,26.000714239545346,0.010845024411654868,0.2909480254257697,0.006504202252818882
2011-07-01,0.006630133827745235,0.03975898803441283,0.0030183173834637247,0.03908293780323406,0.0853975531302675,2.470855899170204,2.5626413438833056,0.49519766084986233,1.1206559854396825,13.174202348171429,21.185012192224953,11.67277999781289,18.042084334067543,11.373607909053668,1.3095698801577274,,1.999218089831404,22.394907913925394,0.0,0.16800469752081626,5.6314157124004106e-08
2011-08-01,0.003224639993964694,0.023192403387633495,0.0,0.06749850291286918,0.0679523564113992,1.9912225802294563,0.956498187886985,0.28695397540272255,0.3781768153727178,12.35870163492906,20.661223670715685,10.729506691333034,17.66182541927223,10.99067877799371,0.7696780006935653,,1.575208568144113,20.253054301225806,0.0,0.12262607426102877,2.2842972645978698e-08
2011-09-01,0.021382608213909318,0.06664399657393803,0.017024950495472542,0.21073246680311267,0.20699288285367387,1.2583221226414447,0.47000033930251905,0.25048867512928147,0.21705815870100428,9.561011074787737,15.982899574303442,8.181291664697477,14.493715179838706,9.098932223913444,0.6753242634829555,,1.3142805853766275,19.288758717331746,0.0,0.09752952913504667,0.0005597261102831862
2011-10-01,1.4705628583639148,1.4341543879501923,1.4997674625867832,1.2934123098226604,1.9720648512313947,0.8384495687699767,1.0893940873732093,1.4764180975068113,0.7231660543582734,5.658215759499192,9.646778876347042,5.129719837647877,7.992329393004176,4.6787353647981815,1.306296533637968,,1.193696188865757,19.93882730293108,0.07448169801634107,0.1263392061194778,0.0911864247676033
2011-11-01,1.4539977725631519,2.2362282762008814,1.7613827714604688,1.9333018446252055,2.956223031687286,0.7456002985706687,0.7145923202535863,1.4702786571952042,0.7595563565371445,3.852498565450894,5.270398911205415,2.52214097147936,4.435375836055766,2.634982950003812,2.319843581861394,,1.5104311316692833,20.892355662373078,0.08089036276854117,0.22945242166536156,0.06279513307835197
2011-12-01,0.1160155149894242,0.7188778336831465,0.11645087387669771,0.4976867645905911,1.0611344294994922,0.42361205299082594,0.6043175321320324,0.3182558201123302,0.4894414999424806,2.4508540361700857,4.7877667325483255,1.7025459348463656,3.5447645640252596,2.1647636187499506,2.2195459725420372,,1.4015696889647185,21.728658277987574,0.002932075716137245,0.14442625779927695,0.010177008812707998
2012-01-01,2.6260586454777988,3.711068571032654,2.961015102454659,3.2451875353282267,4.422115678429714,0.47987325943013315,1.0225312049642785,1.5412896182999283,0.9488406000683473,2.5237879431037893,4.463842797594155,2.001682349595881,3.5580365698184586,2.292694759363316,2.883064531370789,,3.0937643271240285,23.27311506696275,0.1376914565589103,0.51087936984541,0.18911654436313868
2012-02-01,0.8590317673847074,1.5935899948122407,1.0668974544231142,1.477409956734999,2.3913659840417703,0.9019607023569437,1.7872020049227706,1.1576667100715428,1.6680722222690678,3.622641661409884,5.8695825981379315,2.817764288780911,5.120036646237003,3.542727932323021,3.5491024908291915,,3.0137025180053585,25.58909045251533,0.0541402084760356,0.4008724193334177,0.03891030323014343
2012-03-01,4.15126627251064,4.630719777919839,4.393088338831926,4.345145453805944,5.813864535233313,1.360330891154252,2.7599947591984146,2.9728108933712365,2.2472264840285154,4.994788030597558,7.590818761058499,4.482887096661368,6.749025829081006,4.68386468651445,3.6067874714876043,,3.820000764152973,26.731262304115923,0.23272043864933348,0.9836979298840658,0.30675675341137126
2012-04-01,3.0586178356528224,3.068926187959108,3.037297588383936,2.590383345462153,3.1128528833803424,2.4516758437154533,4.005969931572798,2.9579133791835557,3.311879001991535,9.11350725785611,10.93775408521802,6.792320816436287,10.000645585323994,7.147124691878404,3.9929787515523545,,3.5246560267456757,27.443204039886826,0.13446203110199598,0.819036194252168,0.18994820228831005
2012-05-01,0.031530031641074006,0.1289280896544001,0.04372008058239214,0.25096445789676,0.23279797999132185,1.4872280047025208,3.85400553003624,0.6254505440579812,2.2431506827729746,8.999996862768791,18.291149395226537,10.293780692783267,16.1387993227104,11.66241556063577,1.983471042470562,,2.411021099073456,24.668218567407436,0.00401936500599999,0.27767027631819297,0.0011928595037215587
2012-06-01,0.10181572875668081,0.1336765272931486,0.15520337811197876,0.16533809931532573,0.2850920148561759,1.8904365685843922,2.282401951551993,0.38864021445682445,1.0328223567277186,13.216546795809805,20.9536841700465,11.42265516183995,18.74851018045128,12.821757114334213,1.5615093948857413,,1.7323893867901492,21.63241669864489,0.002339150156537256,0.12521370459891773,0.0023164626705159206
2012-07-01,0.0026471960173613824,0.024032771808870524,0.002196987209992157,0.03941223852233753,0.060276387435530994,1.8462905329375485,1.146173268530867,0.2114401699757284,0.4071443398847124,13.283633465071784,21.691094964593308,11.868739810817436,20.20079558200328,12.808946412501909,1.4750585273605616,,1.3417243953850728,19.59236723971796,0.0,0.08821748473711925,2.7051075345197802e-06
2012-08-01,0.0009827534802380007,0.034268707937805204,6.780839332254902e-05,0.06882540289422685,0.10175379195295257,1.2548803897846645,0.6016719155559123,0.1339944854007385,0.20674842183410985,12.598973923077994,21.486796530743202,10.956596608676767,19.600070469816774,12.810584931620612,1.0108568796552986,,1.1174304794146133,18.48265123919417,0.0,0.07165654316236458,1.0498512387268133e-05
2012-09-01,0.004189062056929578,0.031019983292142988,0.000563255326345098,0.20283656210591752,0.1285722407724811,1.0584922365247493,0.3008054832184075,0.11213869278160851,0.1426467184972174,10.476459889031688,16.516286411920525,8.037473861424541,14.695697828060615,9.43240604653549,0.796090082273526,,0.9679182169513663,17.944139309167497,0.0,0.059590003972122475,0.00020202526635540796
2012-10-01,0.6321803341332465,0.6233222993253421,0.6706377282188328,0.8953735461755348,1.049710526950678,0.9953026108868244,0.39820962569541785,0.8132223722333453,0.2877063756244717,6.560209083103796,10.33808312085185,5.365682518745299,9.230352569329835,5.824194504802039,1.1009923028124773,,0.86635872800768,17.925528155124404,0.033103331322509796,0.08281219513407671,0.025862309479667306
2012-11-01,2.842718922554465,4.027792448986059,3.6473008583829305,3.3447271241496597,5.138213086866322,0.5916780935666446,0.5650036775258795,1.9271332919929207,0.6402703932511414,2.3376434316100974,4.984748479958735,2.69346546710446,4.626546592634569,2.7985561547377262,2.7286912970115362,,2.980831188675564,18.978707045388596,0.16878423245010568,0.4712158570970437,0.11142295014907151
2012-12-01,6.116971655523815,6.320997145607172,7.050858790279126,5.470786397466295,6.853653814606162,0.8103812532822612,1.0336555557602454,1.457993238706866,1.2746253001727161,1.803240122647429,2.98499394367561,1.493227076922281,2.355742438887459,1.308296559064209,6.496878077970148,,6.505715803859227,25.623361234773306,0.6998970923578498,1.306687497615972,0.6741658395659434
2013-01-01,1.1019767762360162,1.5288741713973417,1.130189661673392,1.75332131614959,2.035191960800171,0.8487686309971377,1.1206484913304238,0.9661960373596482,1.376987862215077,2.583289527451931,3.5207534622148136,1.7733033831754612,2.804306686304518,1.8387132698856228,6.270155493578388,,6.267715770082083,27.82820296379544,0.05504994741916094,0.9362204148694839,0.09901815151653928
2013-02-01,0.5616355899597345,1.086291893988106,0.6852713171808393,0.8578077782486805,1.2663367223435968,1.259634273408619,1.8646594322267809,1.1813177992258326,1.9090994179125944,4.142621684513463,5.566401136009383,2.6762477459530363,4.422541974792614,3.0377152574911226,4.785753246739278,,5.665089484248245,27.876574616286632,0.042460784104286185,0.4621528070817826,0.03286050405675368
2013-03-01,1.2327703580863074,2.13032811602309,1.3492114055307631,1.9234586994267,2.470331048444582,1.762821487549882,3.394333349823231,1.7794997334649956,2.7237296903429646,5.9840442739307305,9.297768924691498,5.035744097825412,7.359941847631953,5.350112433717052,3.5547893763176517,,4.760252847850918,26.635735490125203,0.05015241468048667,0.3210986500483399,0.04286254869718415
2013-04-01,0.620124600634032,0.9398468008123089,0.6691972028232414,0.7773932338554322,1.1678006997712693,1.6212021225459559,4.176845073693433,1.621234496236561,2.9507523706367897,7.89148764071981,15.160871567093496,7.756694697533999,11.743220380480885,8.634097452787703,2.6666128718867816,,3.5198394798602046,25.165452220499382,0.026036200806447116,0.25115218401002426,0.05994738802460553
2013-05-01,0.2721461932048265,0.2324911017217371,0.31137769377416363,0.4288884474217344,0.4936366339332804,1.7886479729815907,2.688020925307476,0.8954255182611358,1.4396831025725272,11.71646058652981,20.12344539598691,9.985222958460042,15.683459034418723,11.430303413858054,1.685193224305463,,2.510660071740838,21.796475881018452,0.00577543192078039,0.13043849656298517,0.005233250917742231
2013-06-01,0.2321361082138854,0.2714223582243798,0.26774201117896806,0.23642651219138666,0.3520372463430675,1.7548153663260393,1.439748650823509,0.49793778021977525,0.6961655646859162,13.105860077897493,22.010022008608747,11.429676268286098,18.587156358308153,13.043725737437025,2.314112352324691,,1.8310644560940172,19.803377671801393,0.0020223819352509827,0.09479409870973073,0.0031902527779145394
2013-07-01,0.005830531685732272,0.02066363142645984,0.00930254524325588,0.04461450248785984,0.07510730850303035,1.8261219349843978,0.7765301846222782,0.23447329458221727,0.3088381752206399,13.22597984712923,24.00888874722082,12.158539947162739,20.83281722977169,13.445828041020455,1.3188772929581634,,1.438822559339219,18.517963817195596,0.0,0.0771530010244103,1.2366389809851449e-05
2013-08-01,0.008187739272879913,0.0300773423687598,0.0034414976320627446,0.07694311750172451,0.14259833285390747,1.7135251703334666,0.4696244887158528,0.2105080698974684,0.1516175929497205,11.939514355865404,20.758366786323812,10.621846699375123,18.53928169146646,11.447734812317291,0.8589890549962838,,1.204990709519059,17.74231191663923,0.0,0.06367552927068053,6.319177904386236e-06
2013-09-01,0.4235960103378793,0.37055412790775516,0.52371051841271,0.43705884216240537,0.6393531976654154,1.1499379434616963,0.41686493565751864,0.46251953162564385,0.15155631399103167,9.908063137700054,15.71959634616162,8.128923097433773,14.361572135580438,8.814848541374879,0.8906575941858834,,1.0450491811807876,17.480741869636482,0.015255434921051005,0.06296154020865427,0.0034186430806533094
2013-10-01,0.04574177241886924,0.17944262704873912,0.031247852894597104,0.4784772309013507,0.45502665897462047,0.5799777480606604,0.4602560095040621,0.199399887336223,0.5137803148954011,5.74879902724093,11.188923304048972,5.1570073988958045,9.64194070202123,5.913427951854994,0.9140119718724549,,0.9228286651231373,17.649383196197398,0.0,0.0558723725297129,0.010254382923068489
2013-11-01,1.0214164635100276,1.3611335127499273,1.1152853786950787,1.184467804730743,1.746427278522058,0.43807313962515054,0.5488904556008151,1.0780622475174662,0.5079689886888624,3.92527689753001,6.2012901571178745,2.756140443058009,5.559444049587954,3.4355492197835997,1.5983463754410034,,0.9536721236373584,18.08176941896051,0.05350767677522002,0.08216389632031262,0.04008336993320858
2013-12-01,0.3116410899927598,0.8807390625488646,0.33495273199075737,0.534745755198443,1.2582351287168443,0.30357960209327384,0.5519579375637238,0.4338495846597994,0.4741952646840067,2.177278866278134,4.065715382879854,1.7136442965174774,3.6334029672285113,2.2274592877530703,2.233184891665907,,0.9317694549501992,18.932162049522418,0.01810312645422366,0.07658365925007338,0.008539543057859193
2014-01-01,0.31377582081503974,0.8768923558777835,0.35586566159136596,0.9251003027882265,1.4799867940219613,0.26525783912118783,0.8261667652344843,0.40758224197299064,0.5882693917746771,2.238876590283893,4.887759735944178,2.2696971345240953,4.658866230826205,3.2496504477487638,1.7788556173367882,,0.8760284681372612,19.61205376308194,0.009430530916047028,0.08920622613796132,0.01893574397125056
2014-02-01,3.467176996969162,5.226703065933657,4.0731312537141795,4.436078481814758,5.960003038729617,0.5994610984189306,1.621900547301927,2.3645411862886303,1.5116485440221445,2.302182753596781,5.216192829414516,2.8142681239391,4.9955676717161674,3.29798327047745,4.087495107139257,,2.9354337564888846,21.954814362989385,0.1868666065942307,0.5328984501529815,0.23973872383332523
2014-03-01,2.82380768367995,2.7121176040201074,2.9185306085910616,3.442508409519135,3.7501954763263017,1.6759033057409531,3.2735409008582423,1.790622508526065,2.813703342390928,6.87396132584101,9.147749923586908,5.147598775920534,8.579406290840076,5.86454870441971,4.711138592239256,,2.8012389201747325,24.593973743232016,0.08922563497722012,0.4793335468894725,0.18688730379485452
2014-04-01,1.3394333081112888,1.1944935895965072,1.4433766616683814,1.4415653752300153,1.4888909491031292,1.6601722662166318,3.7339158531882264,1.5631976667020862,2.82089022949863,7.374859447635405,12.960657394253063,7.418263681928185,12.099245823485452,8.290129945897592,3.2477103419718594,,2.27573817697019,23.626371152369707,0.06594675277697273,0.3364657987469879,0.08269470293605354
2014-05-01,0.1054894116522985,0.18652094250221662,0.08600176845115505,0.32594532228910017,0.36004575124584154,1.7251257146500314,2.7756147646993967,0.3414034081210966,1.5277662308903464,11.9319957487906,20.22156201968329,10.5847462533452,17.202999468763654,11.91709948199752,1.534608572428046,,1.693234847735567,21.010030903220052,0.0019466896649058848,0.13393138946518487,0.001942372898561147
2014-06-01,0.0017916852041541368,0.029747958921723706,0.0003189825793901961,0.134027890514798,0.12314134237860683,1.543252835067523,1.2810949020659164,0.1722239875258701,0.6098676116887246,13.610212103195751,23.001780572140394,11.910248254003717,20.20937912906954,13.550422293112316,0.99943768827892,,1.3157281365947733,18.909775987030518,0.0,0.07875082046162991,0.0005414060724814489
2014-07-01,0.0049254538239567386,0.03379551718653997,0.004969381625685294,0.04336445549544229,0.05743549514888494,1.3047945429362873,0.6286392892930536,0.11106876847690349,0.25247077898180703,12.975116215107327,23.590810948983187,12.164076062280126,20.72796292217774,13.073048918840305,0.8980011554955318,,1.0894641216150587,17.779529777947623,0.0,0.060613780186328146,2.1639803038086147e-06
2014-08-01,0.04649527231628059,0.07530378057720699,0.055850996932451,0.10014093884525119,0.23051127599274426,1.5582334550341863,0.4939340473335784,0.15216646513045062,0.18431364939997372,11.889132960947101,20.31484440890231,10.563253058178624,18.547122031589275,11.381852629696183,0.8263231108500816,,0.941100410259978,17.25173231682148,0.0007109297360352947,0.05078017196474144,0.00014711572774049635
2014-09-01,0.46585500778534483,0.5455817657657018,0.5262932606494517,0.3849187547620588,0.5992236731207243,1.0046621766797064,0.39488138542558826,0.6456245571043604,0.25138681150946957,10.200319330373302,15.8560625920152,8.205868003388465,14.531392922600801,9.01617477807279,0.8972303764856557,,0.8359975918913254,17.03281990177554,0.02420806079863143,0.055798124048231146,0.0032577947097556952
2014-10-01,0.21295458908850476,0.8496649856650259,0.3469281850689738,0.8036676305307119,1.283129638405639,0.6009209195343747,0.6547793786944447,0.9633503695973766,0.34105581459174616,5.3623901699782826,11.42485789141804,5.627822206045232,10.343149532110935,6.593125588509804,1.3653525143901935,,0.7651242958205491,17.456851433608826,0.04850777741910218,0.09791901120285551,0.01938399539114938
2014-11-01,1.958781685153683,2.2616352887216395,2.236752492566557,2.1659402979683535,2.8154429867342903,0.7696269505217415,0.7118873281132917,1.2910966035312978,0.738408057760059,3.640859153056844,4.982982542696656,2.6741670500142973,4.969938172991139,2.802855217863905,2.8808658964233267,,1.0563427600681161,19.14538199471039,0.06804559339933364,0.16645745829433262,0.06347121395775193
2014-12-01,7.318226686910877,7.425871838828208,8.227054337535488,6.940516546831718,8.334300914844944,0.7203819466599504,1.0223440805574664,1.8971591198250826,1.4056319296109085,1.5938041233222078,3.306340351997446,1.902431427921018,2.858511740066785,1.594113772781813,6.694936801724079,,6.33277234737152,24.964223158434244,0.5483969187680932,1.5141030041010177,0.5891338421123047
2015-01-01,0.1738372804547526,0.8179179962963471,0.20605333617342572,0.7548545768488016,1.4366151251264772,0.7120935582300995,1.0875501033244797,0.7747808608617212,1.129200991407821,1.9873249138427143,3.608332926120571,1.876486675852828,3.3495001489824134,1.9169578862928305,5.042783857891317,,5.6898414073342,26.586542125692667,0.003504869169941167,0.5288499263636236,0.02173899177127818
2015-02-01,2.1599342348021286,3.034701904235674,2.437713757010875,2.4905561554430387,3.187051486096517,1.6073856675121183,2.145030832673848,1.9349404252021782,2.2538993377305405,4.533876911878453,5.784946950841576,3.0666398609122405,4.642426545704321,3.155995197714929,4.787720821268175,,5.67173485927926,27.86319867838743,0.11255494588703974,0.9358227552911159,0.4729031840364818
2015-03-01,0.3371193438340001,0.8587185991373744,0.37468137466287693,1.1868965029524943,1.447658587440267,1.9337420613107832,3.5909319440975684,1.4837652149649436,2.818546670774885,7.6586548910463765,10.159924222060152,5.602377440828965,8.379626093268449,6.123660236897293,2.9910494849258695,,4.267520925750212,26.280830081475315,0.011132926400780348,0.3598182401045628,0.040823828191499864
2015-04-01,1.2244759493956225,1.4989335661264198,1.3294790963153578,1.3353642478719923,2.041959123285191,1.4354317080363148,3.880206827130042,2.416439927173361,2.693572947898858,7.188332722917108,14.56276814659007,7.343535969934134,11.522731997464419,8.22953006444281,2.087497601118887,2.349538102970884,3.5288216311181553,23.790955465346933,0.08636170739565886,0.22117681741254797,0.06379267980695778
2015-05-01,0.3738694170231679,0.4072002586194736,0.3675269153943423,0.42372619664269084,0.5805129419147693,1.8398022576410644,2.718747466914585,0.920935406982447,1.4925104701397776,10.44014541819397,17.304534956889235,9.04466473384692,14.666156082948019,9.719323400372678,1.355932727616151,1.2246395939617178,2.6081839603864596,21.581677592568628,0.00586898648012158,0.13384553196492588,0.0050135536077476886
2015-06-01,0.07757635826674754,0.10760883092373863,0.05373676898515488,0.1788005554688173,0.28670805861650717,1.538133166721252,1.6082078698501823,0.4691756432408078,0.7469267760460991,13.081844067158,22.58694827480031,11.577923984288166,19.29526466919695,12.855555483520723,0.969713703180296,0.7671502811920721,1.8730716662804077,19.59231658814657,0.0,0.08678418282547432,0.0016746632290965673
2015-07-01,0.15961549305603806,0.22685743148616846,0.17157378518484684,0.0687680804348063,0.4515421145030824,1.946663852782447,0.993925663382369,0.2544819325572374,0.32121317609127836,12.751907472106623,22.567748660990944,11.992938120154559,20.139849605692092,12.254334030284191,0.8638921804026882,0.713601865160917,1.4701604991562292,18.258095113280334,0.0003174259230549018,0.06959106030376759,3.085250492039452e-05
2015-08-01,0.007722032285580154,0.03184059265403911,0.006054592004516644,0.08303139759030767,0.14109742603368466,1.382313098141979,0.5126004443532002,0.18249573332252128,0.17806821797529765,11.755741223864685,20.80945129153456,11.032407744332199,18.860507096885396,11.774232471598266,0.6596251960446472,0.6431229686396267,1.2286075636434823,17.51128730479472,0.0,0.05688297683325706,6.143060261417799e-05
2015-09-01,0.1014427350522868,0.17925560210707894,0.12713186505944346,0.2802458471998278,0.31964619508416126,0.8476898357206831,0.28621463979301515,0.3166628561244806,0.13347059184767213,9.894083618206057,16.179479703113433,8.118758807038676,14.384694442151222,8.997309641877006,0.6926846674830184,0.7069873127848723,1.0642050839668455,17.132677843866702,0.00046842657965490207,0.04758753581763293,0.0005143011058414368
2015-10-01,0.5243727900686589,0.6723948985998772,0.5544732872852263,0.8418772290973441,0.8718853052201173,0.5599630138257634,0.5438244828899176,0.6527605598896529,0.5231146982409568,5.921285087739059,10.475269468477025,5.420038338592351,10.047528871987142,6.130349892824888,0.7322227217170383,0.6669530337529463,0.9515177412210447,17.22991322442902,0.02689379853210197,0.04936613196621047,0.020476411851516062
2015-11-01,2.2369824988284686,2.528433255921028,2.3911783021532877,1.6894161844521622,2.9382682247611855,0.7256065717730056,0.78946830867284,1.940773477545692,0.8369720697592429,3.812048962651469,5.272020683609261,2.601552248047547,4.513921114140432,2.6426572974118545,2.3137561224446883,1.917726967684825,2.2374614918344786,19.027921793167597,0.13040857286207475,0.1252659461508785,0.08153929042721123
2015-12-01,2.853349002730359,3.6825778783904592,3.4397132231817142,3.7048469385508955,4.879811770205235,0.7110465189555778,0.7051897824032801,1.454410542736893,0.9411558720885668,1.8700211173388621,3.293836279940064,1.6081857471136909,2.780317786267096,1.7545969987287386,4.197708406746633,3.961354781536461,4.615823889163846,21.660214672408134,0.17544172861167043,0.316513944883373,0.1515395761849479
2016-01-01,6.154293245564115,7.3091042381731794,6.766229129632725,7.296745655123822,6.565502804520932,0.8300046885125829,1.0734041100538432,1.6201134533531474,1.4257448864347833,1.709815538869395,3.000165032516775,1.624170514567354,2.5162049388973435,1.831446996377393,6.7176672660595464,6.814741697022059,7.311858682026265,27.158636824677224,0.962441019683036,1.336553523383394,0.6510199146766777
2016-02-01,1.0807639407643612,1.2562856397629942,1.0541937730137214,1.2451411258255327,5.118658788530542,1.382336751624836,1.7861834941091028,1.5107466984862394,2.4323698861595626,4.169461259218147,5.60333531323361,3.1574599950592512,4.46848917821827,3.3527067404564614,5.6189154829934695,6.480230759970729,6.518932833426975,28.858025333796107,0.03390922386298432,0.7891683492508237,0.10979689279496047
2016-03-01,4.919023140749953,5.668415014546658,5.223107023962053,5.31634661876037,6.900783155359913,2.2867748687981946,3.2491488436188325,3.433081683467054,3.4588735492972216,6.320302703846926,8.245060795684084,4.907804621770499,6.687201027910442,4.869878325582597,5.769256336424354,6.313211623406353,7.047691809286024,29.858358709306458,0.7870813458903366,1.8894005324646663,0.7129915586673772
2016-04-01,1.580933195062311,2.1215735677177707,1.6214354981831811,1.4833748145633305,2.234710478436383,2.340086564042412,4.030900253492663,2.870044047530702,3.8967961667559456,8.479973229667435,13.053208371238991,7.233943182072399,10.091607101500871,7.394925381460857,3.162342364174269,3.8559018369487887,5.49536306131988,27.438678129007116,0.06988473680556485,0.48333084967880663,0.07878351379563031
2016-05-01,0.631320141143806,0.5199136553536043,0.7170285218070965,0.6707124548668565,0.882285862131462,1.6771668343937665,3.3921812364791966,1.9235577459727833,2.7271627420335753,8.382718529178623,16.777036997978932,9.27687448227025,13.817709146921619,9.885410432182459,2.00414152391053,2.0110151476093825,3.8598777244780424,24.8819891393091,0.019408033671725496,0.22103242728391126,0.010051580080748277
2016-06-01,0.16920088560297947,0.21094989390513091,0.17432700840648022,0.21160436780731004,0.2721943705539579,1.6221273652938202,2.2232135917228093,0.9087434679303199,1.5757682921031517,13.386166374737428,22.185004194553414,12.111933954140245,18.065492544480623,12.41277550921414,1.4991940370697912,1.1937415127817812,2.529744226171884,21.93220690880925,0.0013293971031215694,0.12014628045338303,0.005143254776697111
2016-07-01,0.001768172139335299,0.009189867469425024,3.6549225e-05,0.041666237981875805,0.05552668501669829,1.5238678611005618,1.041385522769396,0.40530088148548377,0.5243281125583561,13.65741920564137,23.441960466804538,12.514657911025349,20.20441150912598,12.998349252557567,0.9606906161073658,0.821381935087458,1.8461085710376157,19.692219472322307,0.0,0.08635648584491895,8.843624105531548e-09
2016-08-01,1.899864170657118e-05,0.01435397708624425,0.0,0.07469136793202898,0.0874548591532062,1.3760919458846301,0.519760772431963,0.2556261509682176,0.22769384962697176,12.136590007275837,20.566760064934755,10.976448765361743,18.7003473559256,11.505835663760326,0.7482777576036364,0.643165871543785,1.4812396487246304,18.412494653562796,0.0,0.06952901636351151,1.570098119205479e-05
2016-09-01,0.0008802105062364181,0.029053626910748833,0.0,0.19527785680803544,0.10740227364400755,0.9537600876089208,0.22658885097781534,0.19683824030908484,0.11790976104976923,10.06454268665984,15.935341982510158,8.551964261026567,14.374070604060494,8.927638858850266,0.6630285535483887,0.638578907959205,1.2493373581428453,17.822664086466695,0.0,0.05773661133055951,0.0001185863556844923
2016-10-01,2.7219774273746338,3.4252766602049136,2.9631032741424486,2.9019790145208293,4.868525069940128,1.0175743689192256,0.5674777886616356,3.279789180774536,0.611063063729233,6.2006623162387635,9.522193958222179,5.163385782234006,8.437677626410737,4.911340698569222,1.6842382307830712,1.5720737407203709,2.259174933098014,18.591103302243617,0.1877395010396715,0.13429219464879077,0.20204551018633252
2016-11-01,1.9022513089836413,2.607541098677059,2.237178383542381,1.592802210494166,3.0677511215178512,0.682591111925978,0.6918594248330515,1.8039379917179403,0.9571147291101877,2.6068286159587304,4.680135357798526,2.577053873383785,4.377104711585021,2.5707672290532733,3.9249713276308356,3.7030613630556686,3.0164871041385415,21.810454165144073,0.11417566023242413,0.3367770384543499,0.088790492458036
2016-12-01,3.3802079776437557,4.5671214673980645,3.8851005084699692,3.0536538392732817,5.3837351713384285,0.7903920241497436,0.7106385015424858,1.5119898493504826,0.8864632495391084,1.8423141228850797,3.0073774664127475,1.5198235017576731,2.6636866274464577,1.6997713131314722,5.598163183184824,5.247415898707388,5.4208242030539795,25.118561689297124,0.20901969435025036,0.7871511568800585,0.21470564074322931
2017-01-01,9.043066480492389,9.79056391102719,9.715996846458625,9.027605482001494,11.405775840149026,0.9933194306927777,1.2927000442407306,1.6264799133259444,1.6590793499702576,2.0099004830517027,2.9121536618485906,1.62651395779546,2.3397493742348225,1.8532524022849384,7.7279337814657305,7.5732788820136925,9.109450695648679,31.030675101731624,3.87404897963566,3.664002466314192,1.0669215641007626
2017-02-01,6.589964792884936,8.320292818301871,7.413213423198469,7.2554791194365755,9.599371743376482,1.4807515873242858,2.022693147576633,2.331331029598721,2.613024729612813,3.0239541920001747,4.106700422625917,2.331331029598721,3.164555862974621,2.521683741527816,7.948983393127124,8.025786055540614,9.26177510577172,34.213323722989145,5.303007327838582,5.432743051325209,1.3416080804301385
2017-03-01,2.149140790687548,2.746820157666319,2.4286888154603647,2.609569564747338,3.4212410213698026,2.556526276999964,3.4179439422053255,3.6814969696680735,3.591650452235198,6.433709872567759,7.902319838002577,4.900713579055886,6.3203618976083895,4.803721537685629,5.851847126512675,6.482665766632551,7.801695430121111,32.177584109995756,0.18402742751073808,1.940181070306485,0.27924022051834435
2017-04-01,2.2015643644354963,3.2192866432395957,2.2997437297065075,2.5108670528109194,3.9046052538387643,1.999171503765436,4.237330198075553,3.813909878382766,4.560879690235563,5.87441810490745,11.420621382127147,6.656824183209791,8.641495429373625,6.516461628807191,4.526363854714912,5.486870254545113,6.7627541959029465,30.67322502158317,0.13533314833843146,1.109101274120187,0.22139448315220403
2017-05-01,0.18084813097086358,0.26046037137614675,0.2240098958957394,0.3794897281805683,0.4885965691386419,2.3232702512930974,3.9639865814714774,2.6159803934524684,3.6507602862426607,11.253629820062551,17.67457346926912,9.966941579063494,13.698299334593438,9.852803901993846,1.9829343610995362,2.398380054357482,4.365720359498693,26.677066289615322,0.001326788991458824,0.3547770365099315,0.0032846222628917917
2017-06-01,0.21405045307981432,0.12151600188310616,0.20681997038542274,0.21489156766341125,5.732128922069593,1.8232407110505666,2.7113111222460793,1.402646923027872,2.41580702737583,13.126736257165627,21.117538276394033,11.823611303370507,17.010042301530824,11.968756223084457,1.2284882836637805,0.9587476196138289,2.831034146378692,23.19018227352406,0.00607555861590588,0.16476735384433264,0.005018171620749313
2017-07-01,0.0,0.012038442945146326,0.0,0.04160170818420435,1.253918193935186,1.0640250484813396,1.3633386048810716,0.5829293676962215,0.9451765155303533,13.75487442291584,23.842244703371215,12.859791561630946,20.308483004652892,13.25582622363953,0.8221134695314709,0.6506210698523093,2.02286549355259,20.497051431649986,0.0,0.1200036097846809,9.985982995942623e-12
2017-08-01,0.00456987094402253,0.04280887088025432,0.00015642150049215687,0.0806378482670626,0.1146418384832311,1.2380202347879457,0.7778676264629782,0.4719302280626574,0.331588282741257,12.26015437890414,19.850604174837862,10.73281684171652,19.337217202130915,11.46781188675697,0.7128594595729363,0.6387599659811687,1.6057726374245398,19.145660748207497,0.00040029592025098024,0.09894572747288619,1.850460214075124e-05
2017-09-01,0.18416315456515783,0.15619671075830766,0.12387843707757226,0.2896210591328519,0.29375291472213805,1.1938032028310956,0.596586395255015,0.7425132800869321,0.2531042001748305,9.68168437726001,14.9988368651651,8.212423872316633,14.430216135396714,8.555934862145364,0.6996102144409152,0.650767516010413,1.344082406897142,18.667755323429212,0.032058416086646946,0.08425871369385864,0.0016985077202864153
2017-10-01,0.194429294073168,0.2907250711929057,0.18012253860647384,0.47484498047690044,0.5159748390295275,0.5415052727489162,0.22925713872669917,0.34676437499982155,0.2915092886824011,6.148025130295572,11.657026476670735,6.270247387886919,10.401770640155124,6.745069594095024,0.8270774098727309,0.7126043810439485,1.1599183803436175,18.371718510607852,0.004118295226517638,0.07858813361869664,0.005453793223032935
2017-11-01,1.8674690902678006,2.7524138894266588,2.055346905161424,2.1460470459761436,3.9136418211389787,0.7369285116740585,0.3977764743653026,1.5165097173981745,0.5871284969852507,3.1601774017926716,4.6233398639989325,2.6052688546864853,4.692333112327159,2.64412905623643,2.332849146219322,1.998659122740678,3.119134684107796,19.841138348315845,0.14060334431025096,0.15607544613666616,0.14288396863447772
2017-12-01,0.08802299926406465,0.7066306548995628,0.10010231167585393,0.49943867591892216,1.1523829845649625,0.3671367223943923,0.30002582267575634,0.40134866099830935,0.613890293824853,2.356599752248414,4.425965310328861,2.407394334048169,3.873622656256427,2.530235423956815,3.177256972422898,2.65688496339293,2.7756808866374274,21.08288134781435,0.0023294071027725504,0.1276422303552061,0.012655846340818917
2018-01-01,3.549032137963116,4.438337066498036,3.795219336109886,4.218315309992974,5.513245695558342,0.6316798144632787,0.6095775942957316,1.6435001624597791,1.1883184286614539,2.0364349406081423,3.0671495114259066,2.0632200305224435,3.2424209402871544,1.9477265051746178,5.087707480675819,4.532027570169622,3.8014138486699673,23.11169018560387,0.15721067757312915,0.3348768408510402,0.2544433108336578
2018-02-01,0.38063364709497627,1.2011941918035771,0.45444009754007264,0.6402729087566946,1.9728209363209304,0.9552383757985117,1.027761116354701,0.7881619785382301,1.5831891728314185,3.9752027492355104,6.129298255341595,3.0534436762144552,5.309062809871518,3.653950209367969,4.087078452250438,4.0421318904155745,3.3510745555863597,23.48465687255679,0.020623272841784345,0.19177032364101462,0.02488144137669064
2018-03-01,4.792324183012271,5.227308378466773,5.015546957085609,5.027076147002207,6.125685040125478,1.74602042990523,2.759567474404313,3.3995276353914896,2.6015743882600617,5.925014141829001,7.001546373223216,4.335597365354647,6.409601556009363,4.509235037082447,5.348527136850269,5.469972060413833,4.834516658692417,26.53596490632555,0.27000621808777053,0.7847639647065429,0.3310727633685237
2018-04-01,1.9649218503876462,2.296003251869208,2.1377813054969237,2.1145931025290263,2.742789382192886,1.7886557560736795,3.540049566015316,2.5216076808476044,3.530351289396991,6.750525548202181,11.592945913087034,7.1652117032986835,10.303186223638235,7.073015998512712,4.225870350398283,4.725680657295138,4.234078413225664,27.202068630388933,0.10764590148336901,0.6768421284320614,0.1651516169702836
2018-05-01,0.2616561896814551,0.37451189344905833,0.26361311439430657,0.39146443699902106,0.597896670963777,2.249132550795279,2.9189212314594046,1.085042301131379,2.1250044795693666,10.866010563650901,16.587387082416743,9.505540965783755,15.350243001433418,10.22704140472012,2.159457903300342,2.040102279243487,3.0222904960983845,24.105966166714595,0.013961742232560817,0.21837046625235687,0.010375952512140995
2018-06-01,0.0054847877716607315,0.027066912722256496,0.008128106067301952,0.11836719990346882,0.08707987819596204,1.8474920400543429,1.8809553316569412,0.48720797504077945,1.0163823217375623,13.478655329570632,21.205755804498395,11.969392314325521,19.172776227292378,12.75383174767121,1.570597206657973,0.911288398640151,2.05113842456335,21.385473484231426,0.0,0.10983818086705019,3.086934156803491e-05
2018-07-01,0.0005280448185804049,0.033841626850329605,0.002009994221443137,0.042416317656292904,0.14451485949217074,1.0907845756005117,1.173800986467835,0.2770161461358006,0.38395265579453025,13.415662855690286,23.541516222850646,12.887843034204304,22.08533530206123,13.860940728270387,1.0164496586172445,0.6421766874094281,1.5376750224612894,19.37479043061139,0.0,0.08393653456294595,1.8355046471762587e-06
2018-08-01,0.0,0.014949580177545805,0.0,0.07138585826761748,0.07761119211077065,1.3356685556264758,0.5641198030580005,0.16051213811901874,0.20753276717730101,11.627771098662203,20.50365018858266,11.201748833175346,19.24359358303833,11.82560287311183,0.8306738695633793,0.6386461689527143,1.255916019161048,18.271727021839595,0.0,0.07064539783159669,3.194386209332702e-05
2018-09-01,0.0012860083060138832,0.0365625546080326,0.001466187384188236,0.19835362433417933,0.13621185522928056,1.0706911370171168,0.19417987145338464,0.12755082337546142,0.11110744015591954,9.834466044704618,15.699985445864122,8.435342564928401,14.531655372048764,9.293224454194853,0.8265131098511449,0.6387477877964961,1.072268213912596,17.68061790698549,0.0,0.0565660041877015,8.285406255431335e-05
2018-10-01,0.34033928584924794,0.43280283445611384,0.42865087595460616,0.607478231222099,0.7057329465237137,0.6198351007349548,0.5321422195329429,0.5711931061763733,0.36468753649580393,6.023943085620098,10.331612928129509,5.919102844085108,9.928729854574918,6.12540071371301,1.1616988448541377,0.7691838664658494,0.9427892747047153,18.03941740772474,0.028197193886462735,0.07313899621413184,0.015067414473273142
2018-11-01,3.242660767466215,3.6042125168219914,3.527726028491291,2.7292539068946446,3.986214695999739,0.46382373755681827,0.34414611904211595,2.433879230997355,0.4643156545524264,3.754087355990893,5.934870764930964,3.284584951335459,5.6465024830995105,3.4079641148240154,2.1434648754978296,1.4188412042059257,2.444793163618585,18.36772726567369,0.16600488271748204,0.15015879988133962,0.22012023615328352
2018-12-01,2.174717389014017,2.8602861692329875,2.473740278021447,2.396182879033846,3.49923000797288,0.6729713461400321,0.6595236531111897,1.3138479853854046,1.134154355349048,1.8453695059086273,2.979710497584913,1.8602300715318287,2.559557096889326,1.7901522112833506,5.847633637373462,4.9890403146081255,3.6173497443263747,22.793599285713903,0.11379196607684768,0.2577870413469999,0.1006977657181326
2019-01-01,4.433497037653535,5.578388288578235,5.0947246605643715,4.758881088915615,,0.954958145363417,1.1142552233176453,1.9977022577255712,1.5179823004717579,2.273758601592769,3.5556088573686955,2.071688956040396,2.830520591134795,2.1843257647399237,6.447522595688454,6.108049250975277,6.411122302944276,26.702974621805613,0.6800068887526328,0.967531952846009,0.30929764088708767
2019-02-01,7.425480759483388,8.098161268928402,8.565325417200924,7.427886964764999,,1.2423317063500225,2.0516049941965138,2.778866176990491,2.361901051956908,2.630051295255527,4.547360773267801,2.782250573709374,3.3043229137073564,2.6359149750029887,7.31396814899982,7.290485554881855,7.846247752198024,31.409285560324413,3.4302805475829543,2.7843201515964378,1.078480109371634
2019-03-01,4.0962214184952765,4.429247488638742,4.44445305832812,4.5042838921357715,,2.201293822642859,3.256234326787567,3.4076799003914187,3.4362173531471667,5.546587418985971,6.881633504824805,4.399333199210306,5.79032459123289,4.470308595092687,6.624002903004889,6.941878312313122,7.701854031244751,32.782435622857804,1.1120973008658603,3.3539266416311504,0.5487511224743228
2019-04-01,0.582881750981004,0.8308149277944449,0.6443812424688631,1.0149119311101675,,2.1559842444947686,4.236575011577623,2.633221757765756,4.131652677330817,6.984099576433716,11.253189622632878,7.298681385246127,9.517146755908971,7.279114717295311,4.098147768676647,4.5917001525840915,5.835618938658736,30.34994472167804,0.04246253473449807,1.3253425410789919,0.03842487739165284
2019-05-01,3.063179561090885,2.663898354762668,3.4316473258183193,1.8571853638978513,,1.9718639036065593,4.318087582670444,4.651548574168423,3.115620432404699,7.463860491336929,13.669489591895848,8.185676116163286,11.729385853163578,8.436579496653824,2.787298370097778,2.540433749105432,5.035233155673148,27.513520374428772,0.19711097792855212,0.5189615025318643,0.09282634572218376
2019-06-01,0.025039781227801598,0.047469517009077596,0.005006977590140194,0.1567673502534146,,2.2354674689101004,4.148236959202464,1.5102544160352465,2.5883718223438805,12.53777622200538,20.049089201696333,11.976228885827062,16.819953147603847,11.92199027454003,2.38964513457121,1.518907606323,3.169319063064094,25.38754856046455,0.0,0.28897539882407935,0.005325266356142959
2019-07-01,0.00022263622173164418,0.010496515249459442,0.0,0.04292888206819546,,1.8816077875957022,2.1535637565548744,0.6577023353126803,0.9594536676453783,13.521563949464936,22.43359823775016,12.564030058962693,19.171193349134562,12.584019406992542,1.0721167736261374,0.6781879077375528,2.164455574354121,21.616251201630295,0.0,0.14305632670945673,3.018944756217881e-06
2019-08-01,0.044278620657923595,0.0494831551483598,0.036301772144617675,0.08444555664914628,,1.3812716250904122,0.8908558628749259,0.3782646065661147,0.35039287422501264,12.471247562370042,20.869498305060272,11.494889226522382,18.22626173665391,11.707614883348246,0.8532239004930626,0.6394647095199667,1.6717536797965051,19.68547107976159,0.0002016360806392157,0.10474796771191552,0.00017437094623466034
2019-09-01,0.23153209946855688,0.2413248123145358,0.2820982866127538,0.29782432833065653,,1.2240219138886554,0.5425240869011013,0.4756638119426173,0.2661649256839782,9.750044481998223,15.357927729489608,8.914661716322756,14.105465923382113,8.973292519241435,0.9101739306068248,0.6461817420432944,1.3866136040074546,18.93177595113057,0.010290930490298009,0.08863385527214714,0.0027483590832123356
2019-10-01,0.0074536797494761785,0.18329317752001573,0.007405696559541175,0.3554493466504902,,0.5121669084200347,0.2162790282443571,0.16925171392744226,0.28004944674795734,6.083325316771497,12.118166371803001,7.142328825809745,10.522269542558194,6.671529224671903,1.0007972614803453,0.6860187566868389,1.184460239448345,18.61280553164675,0.0,0.07860235748266374,0.0032382034374011477
2019-11-01,0.9487443047700684,1.818317727572789,1.396383906408379,1.1668444713378008,,0.4430650622016095,0.15917322284942245,1.2752996141255986,0.20787236961778396,3.9755236551146917,5.996035806906348,3.5785507353170503,5.844642369523702,3.451289662185333,1.2848028874797404,0.8137831301322858,1.092856741994014,18.480470360918904,0.058704496305717176,0.09788151078317611,0.023355561504121505
2019-12-01,5.240465356266325,5.371079376755698,6.253099405336914,4.8380507847588765,,0.8093395172261642,0.7465112253764952,1.8555359072072484,1.3476209508280947,1.7728902434968943,2.897399030726934,1.9479241513046555,2.6428667413088633,1.6874664322525823,6.125375637526927,4.964045306712886,4.989219085851308,23.44665503725029,0.27644682929585085,0.28776088618828327,0.29025321333481335
